compliance_id,batch_id,regulation,test_date,test_standard,compliant,test_result,certificate_number,expiry_date,testing_lab
c77cec39-0dfa-4a5f-a12f-dbf2d9b24137,BATCH-008363,ECE,2024-06-04T00:00:00,ECE-277,True,Pass,CERT-26702,2025-06-04T00:00:00,Lab A
dd6c6d16-5e1a-439e-91b3-81cbaa42f4f9,BATCH-006877,FMVSS,2024-11-02T00:00:00,FMVSS-754,True,Pass,CERT-90611,2025-11-02T00:00:00,Lab C
a91fca90-b1ce-45cb-8e71-664c9df28b25,BATCH-007071,CARB,2024-06-17T00:00:00,CARB-373,True,Pass,CERT-66933,2025-06-17T00:00:00,Lab A
f141aa3d-f806-4a9f-97a7-8501c35cb710,BATCH-007853,CARB,2024-04-03T00:00:00,CARB-289,True,Pass,CERT-67353,2025-04-03T00:00:00,Internal
7c6ef029-d58e-42c1-93cd-95eff183e5d1,BATCH-003937,NHTSA,2023-12-11T00:00:00,NHTSA-113,True,Pass,CERT-83157,2024-12-10T00:00:00,Internal
60299c74-9050-47b6-a403-4fbf7b41d8a0,BATCH-000454,DOT,2024-10-20T00:00:00,DOT-705,True,Pass,CERT-13673,2025-10-20T00:00:00,Lab B
48ea9fa4-07ec-4df4-a565-685a51d1d41e,BATCH-004157,NHTSA,2023-03-16T00:00:00,NHTSA-782,True,Pass,CERT-59857,2024-03-15T00:00:00,Lab C
0e3ff5a0-5785-46be-9a7d-1780bb577ded,BATCH-003172,DOT,2024-06-12T00:00:00,DOT-124,True,Pass,CERT-80517,2025-06-12T00:00:00,Lab C
9cb8f2bd-2ba0-4664-96fc-bcdf2ce1d567,BATCH-001171,FMVSS,2024-10-02T00:00:00,FMVSS-964,True,Pass,CERT-59504,2025-10-02T00:00:00,Lab B
fcfdddc1-17dd-4417-b91f-45fe0beb1a26,BATCH-007155,ECE,2024-06-21T00:00:00,ECE-143,True,Pass,CERT-37816,2025-06-21T00:00:00,Lab C
2493516d-e6be-425c-9ed6-941fe24f348c,BATCH-001271,EPA,2024-04-15T00:00:00,EPA-764,True,Pass,CERT-49310,2025-04-15T00:00:00,Internal
ccc05ba6-cefa-4ec2-acf4-38c928f8660f,BATCH-009326,NHTSA,2024-01-20T00:00:00,NHTSA-228,True,Pass,CERT-56643,2025-01-19T00:00:00,Lab A
234792dc-6f30-4fce-932f-0cf6a808af80,BATCH-000263,FMVSS,2023-10-24T00:00:00,FMVSS-798,True,Pass,CERT-41368,2024-10-23T00:00:00,Internal
77199916-d1b5-4106-971f-efb8a8cfbbe0,BATCH-000164,CARB,2023-12-18T00:00:00,CARB-327,True,Pass,CERT-52811,2024-12-17T00:00:00,Internal
6dbb4a3e-c351-4f35-8aa1-1dd8b006c2fe,BATCH-005435,NHTSA,2024-06-20T00:00:00,NHTSA-674,True,Pass,CERT-20631,2025-06-20T00:00:00,Lab C
a301311e-7b7a-4614-aa35-fbce6904d19e,BATCH-002116,EPA,2024-06-04T00:00:00,EPA-280,True,Pass,CERT-37868,2025-06-04T00:00:00,Lab C
484bba7a-8e1a-4573-9656-5ef34af8ea5f,BATCH-005958,EPA,2023-11-29T00:00:00,EPA-692,False,Fail,,,Internal
a54b44b3-50e1-42d0-a1a1-4d7262292efd,BATCH-006188,ECE,2023-11-14T00:00:00,ECE-949,True,Pass,CERT-42459,2024-11-13T00:00:00,Lab B
fdc562b7-04b9-4c12-a03b-79cf9d7050ee,BATCH-007516,NHTSA,2023-03-03T00:00:00,NHTSA-481,True,Pass,CERT-20473,2024-03-02T00:00:00,Lab C
4fb6393d-e458-405c-bafe-8563af71443a,BATCH-002544,ECE,2023-12-18T00:00:00,ECE-533,True,Pass,CERT-43639,2024-12-17T00:00:00,Lab B
70c52d81-e8b2-4785-b08d-b1095f737169,BATCH-002662,FMVSS,2024-10-12T00:00:00,FMVSS-797,True,Pass,CERT-69315,2025-10-12T00:00:00,Lab B
f311ae5a-5082-42af-b7cb-b67f4038d6da,BATCH-003388,CARB,2024-04-13T00:00:00,CARB-427,False,Fail,,,Internal
43ccb8c8-5840-4946-b499-856ed20cb245,BATCH-001739,DOT,2024-02-04T00:00:00,DOT-139,True,Pass,CERT-51938,2025-02-03T00:00:00,Lab B
80925f3b-b480-4009-8273-b61ac9c414a3,BATCH-005316,NHTSA,2022-11-18T00:00:00,NHTSA-861,True,Pass,CERT-78341,2023-11-18T00:00:00,Lab C
545b6308-c93c-4fd8-beaf-1de6885a4cb4,BATCH-009102,NHTSA,2024-03-10T00:00:00,NHTSA-745,True,Pass,CERT-13677,2025-03-10T00:00:00,Lab C
92327e03-77a9-4fb9-93bd-d445fb9c43f4,BATCH-008362,FMVSS,2023-08-19T00:00:00,FMVSS-359,True,Pass,CERT-33054,2024-08-18T00:00:00,Lab B
57d28946-8bdd-40b5-b644-7bb876adb1c6,BATCH-000872,NHTSA,2023-05-09T00:00:00,NHTSA-307,True,Pass,CERT-44135,2024-05-08T00:00:00,Lab C
42b1e92d-18b4-4936-9175-badc68ab4a9c,BATCH-005735,NHTSA,2023-07-01T00:00:00,NHTSA-565,True,Pass,CERT-24931,2024-06-30T00:00:00,Lab A
d787aca4-fce4-4d63-be70-222568da82a3,BATCH-001671,FMVSS,2023-02-23T00:00:00,FMVSS-351,True,Pass,CERT-90431,2024-02-23T00:00:00,Internal
22e13498-3a09-46ff-a4d5-a10bab912150,BATCH-005737,EPA,2023-12-30T00:00:00,EPA-699,True,Pass,CERT-72054,2024-12-29T00:00:00,Lab B
f68a088c-48c6-4444-b32c-c174336c5c6f,BATCH-004488,FMVSS,2023-07-17T00:00:00,FMVSS-653,True,Pass,CERT-98695,2024-07-16T00:00:00,Lab B
89047ccc-2216-47bf-b618-5c5f318f6fba,BATCH-008107,CARB,2023-01-12T00:00:00,CARB-629,True,Pass,CERT-33232,2024-01-12T00:00:00,Lab C
cc3ec0bc-269c-4ed6-b22b-b18c453defee,BATCH-004284,ECE,2024-06-05T00:00:00,ECE-468,True,Pass,CERT-46938,2025-06-05T00:00:00,Lab B
f22a4e74-ec4e-4060-8228-146317bd57e8,BATCH-006368,ECE,2024-02-25T00:00:00,ECE-253,True,Pass,CERT-12966,2025-02-24T00:00:00,Lab B
3f149256-15b5-4c35-abf0-2d3539b0e457,BATCH-002005,ECE,2024-06-20T00:00:00,ECE-985,True,Pass,CERT-30239,2025-06-20T00:00:00,Internal
4d8f83b3-b902-4400-8d1c-68aae4dc1e74,BATCH-004008,DOT,2022-10-30T00:00:00,DOT-923,True,Pass,CERT-93072,2023-10-30T00:00:00,Lab C
dcb61ef6-172e-4642-9c2b-af3f63416b95,BATCH-004456,EPA,2024-02-11T00:00:00,EPA-549,True,Pass,CERT-78115,2025-02-10T00:00:00,Internal
cef6f81b-63dd-49d8-beae-d6924c704b20,BATCH-007529,ECE,2024-01-13T00:00:00,ECE-714,True,Pass,CERT-34138,2025-01-12T00:00:00,Lab A
1e24cc06-2ab8-4dd4-b405-7f6feff899fc,BATCH-004939,NHTSA,2024-05-04T00:00:00,NHTSA-421,True,Pass,CERT-57855,2025-05-04T00:00:00,Lab A
1c10456f-5efd-472d-8356-3fe7865b747a,BATCH-006449,NHTSA,2024-01-18T00:00:00,NHTSA-894,True,Pass,CERT-59729,2025-01-17T00:00:00,Internal
4bfba1c9-9df5-4dbb-96aa-c0bc29d459af,BATCH-002933,NHTSA,2024-04-28T00:00:00,NHTSA-203,True,Pass,CERT-21343,2025-04-28T00:00:00,Lab C
c62ba56b-96f5-4da3-be3e-4c15cad92b5d,BATCH-008801,FMVSS,2024-02-20T00:00:00,FMVSS-314,True,Pass,CERT-62398,2025-02-19T00:00:00,Lab A
7a84c90e-f51a-47ef-be97-2975fb47ffc7,BATCH-006352,FMVSS,2024-01-19T00:00:00,FMVSS-800,True,Pass,CERT-45676,2025-01-18T00:00:00,Internal
2599cfe8-eb94-4a9a-9fe5-ea3a5b7e6027,BATCH-007563,DOT,2023-09-07T00:00:00,DOT-840,True,Pass,CERT-62854,2024-09-06T00:00:00,Lab C
c70ca085-bca8-4243-8ee2-f032f1e6b078,BATCH-008460,FMVSS,2024-03-11T00:00:00,FMVSS-159,True,Pass,CERT-57894,2025-03-11T00:00:00,Internal
c6275aed-a68e-4637-8741-b75f83495694,BATCH-001936,FMVSS,2024-04-18T00:00:00,FMVSS-943,True,Pass,CERT-65300,2025-04-18T00:00:00,Lab C
8857e7f9-3a2f-47aa-943b-a90eac748aa8,BATCH-009404,FMVSS,2024-05-27T00:00:00,FMVSS-818,True,Pass,CERT-15734,2025-05-27T00:00:00,Internal
0365cdf3-0e6e-433b-8ccb-9f6818a84c19,BATCH-008797,NHTSA,2024-01-26T00:00:00,NHTSA-749,True,Pass,CERT-86385,2025-01-25T00:00:00,Internal
532b9c7a-f473-4d81-a56e-7587b4c78cf8,BATCH-001279,FMVSS,2024-11-28T00:00:00,FMVSS-942,True,Pass,CERT-80157,2025-11-28T00:00:00,Lab B
0ae87369-1e4f-4519-8a92-c57671358970,BATCH-000108,DOT,2023-12-23T00:00:00,DOT-408,True,Pass,CERT-80350,2024-12-22T00:00:00,Lab B
9206136f-2228-4cf1-ad5f-6cdbf949b4d6,BATCH-008589,DOT,2024-02-09T00:00:00,DOT-327,True,Pass,CERT-67149,2025-02-08T00:00:00,Lab C
0ef5b3ec-a3bb-4428-8329-fb7c1878a854,BATCH-002843,EPA,2024-03-28T00:00:00,EPA-452,True,Pass,CERT-29044,2025-03-28T00:00:00,Lab B
8b245914-8ac5-4aac-95f8-1c9cc4fb0a7f,BATCH-004504,ECE,2024-05-02T00:00:00,ECE-666,True,Pass,CERT-85473,2025-05-02T00:00:00,Internal
cbd56263-0743-47de-9dcc-ac95783192f8,BATCH-000646,DOT,2023-03-27T00:00:00,DOT-916,True,Pass,CERT-17504,2024-03-26T00:00:00,Lab A
6d72b5ac-bf59-437c-ace9-b1a72628b3b3,BATCH-001679,CARB,2024-01-05T00:00:00,CARB-735,True,Pass,CERT-35431,2025-01-04T00:00:00,Lab A
31bf94f4-0474-451b-ae7e-bd6f3eb3cc73,BATCH-009211,EPA,2024-10-08T00:00:00,EPA-608,True,Pass,CERT-46706,2025-10-08T00:00:00,Lab A
27ae2273-ca93-4e21-914a-0d0ff79c209c,BATCH-004507,FMVSS,2024-02-12T00:00:00,FMVSS-686,True,Pass,CERT-49058,2025-02-11T00:00:00,Lab A
717e19ad-3a44-4b2b-8260-3ec3268ed767,BATCH-000006,EPA,2023-03-09T00:00:00,EPA-699,True,Pass,CERT-38805,2024-03-08T00:00:00,Lab A
a938d8da-f07f-48fe-b44e-88d357c7d6d8,BATCH-001836,DOT,2024-07-02T00:00:00,DOT-946,True,Pass,CERT-35859,2025-07-02T00:00:00,Internal
b8f5daa7-9bc3-40f2-9625-293cbc096e28,BATCH-000461,DOT,2024-01-02T00:00:00,DOT-334,True,Pass,CERT-98030,2025-01-01T00:00:00,Lab C
ece3c31b-9c82-4797-aaaf-f5fd2a630767,BATCH-001184,DOT,2024-01-18T00:00:00,DOT-348,True,Pass,CERT-36777,2025-01-17T00:00:00,Lab A
29f6456a-8704-45c1-9a20-5d4ffa1e49d2,BATCH-000897,FMVSS,2023-08-07T00:00:00,FMVSS-282,True,Pass,CERT-54816,2024-08-06T00:00:00,Internal
04450230-53db-41a7-9580-53b0234ad72c,BATCH-005015,EPA,2023-06-15T00:00:00,EPA-904,True,Pass,CERT-40634,2024-06-14T00:00:00,Lab C
afee2248-4407-4efd-a35a-8091cca2acb4,BATCH-002420,FMVSS,2024-05-26T00:00:00,FMVSS-840,True,Pass,CERT-83721,2025-05-26T00:00:00,Lab C
d811a57d-9e00-44b2-a514-f3f058d251c4,BATCH-003616,ECE,2024-04-12T00:00:00,ECE-554,False,Fail,,,Internal
a4744874-9d53-47af-80a4-483b75129726,BATCH-006487,ECE,2023-09-13T00:00:00,ECE-844,True,Pass,CERT-53802,2024-09-12T00:00:00,Lab A
b088f90e-351e-441c-bb05-bb3fd4aa2537,BATCH-005610,CARB,2023-06-06T00:00:00,CARB-917,True,Pass,CERT-37557,2024-06-05T00:00:00,Lab A
09981aa0-1b07-4d61-a321-9ebd915f6ca5,BATCH-005687,ECE,2023-10-30T00:00:00,ECE-239,True,Pass,CERT-37795,2024-10-29T00:00:00,Lab A
3c041fe6-a885-4892-aa1e-a9e2a6884991,BATCH-005452,NHTSA,2024-12-01T00:00:00,NHTSA-584,True,Pass,CERT-26064,2025-12-01T00:00:00,Lab A
fb8504b4-8854-4558-98e3-8318b3c6b3b6,BATCH-007768,ECE,2024-02-27T00:00:00,ECE-247,True,Pass,CERT-49725,2025-02-26T00:00:00,Lab B
686b797d-880a-4e77-802f-16b5ebf302fe,BATCH-008497,ECE,2023-12-04T00:00:00,ECE-266,True,Pass,CERT-48896,2024-12-03T00:00:00,Lab B
d5c0d2cd-db2e-459e-8705-f19a1e20be57,BATCH-007581,ECE,2022-11-12T00:00:00,ECE-853,True,Pass,CERT-20414,2023-11-12T00:00:00,Lab C
14efadc7-5049-4e1b-9f0c-28b59d7149f3,BATCH-002620,CARB,2024-08-24T00:00:00,CARB-741,True,Pass,CERT-37770,2025-08-24T00:00:00,Lab A
e5b1df16-4a69-42a4-a6c6-6fadd52be7e1,BATCH-003509,CARB,2023-02-13T00:00:00,CARB-668,True,Pass,CERT-77629,2024-02-13T00:00:00,Lab A
9ac24d39-b555-4980-86e9-b2960d2b80c2,BATCH-002375,CARB,2023-05-24T00:00:00,CARB-624,True,Pass,CERT-56252,2024-05-23T00:00:00,Internal
fc62d07b-922a-49be-af17-c71f34485546,BATCH-001759,NHTSA,2023-11-08T00:00:00,NHTSA-125,True,Pass,CERT-73620,2024-11-07T00:00:00,Lab A
e64a524b-8db5-4b3b-a536-aab3237c496d,BATCH-000993,DOT,2023-06-15T00:00:00,DOT-895,True,Pass,CERT-75846,2024-06-14T00:00:00,Lab A
de07e05a-b5b3-4fa7-a7c3-36e5e652ecdf,BATCH-004423,DOT,2023-08-29T00:00:00,DOT-614,True,Pass,CERT-94197,2024-08-28T00:00:00,Internal
a0ac34ff-533f-49df-ab8c-1349ff3a3d1b,BATCH-000347,CARB,2023-01-18T00:00:00,CARB-972,False,Fail,,,Internal
3bcb2755-83c5-43ad-87c0-53d2a82538f8,BATCH-002194,EPA,2023-08-12T00:00:00,EPA-308,True,Pass,CERT-54619,2024-08-11T00:00:00,Lab B
cefc2c87-5547-423b-a56c-7c2647603a7f,BATCH-001924,DOT,2024-02-04T00:00:00,DOT-617,True,Pass,CERT-48975,2025-02-03T00:00:00,Internal
310eed62-e5f9-4166-8a7f-923250468f67,BATCH-001496,CARB,2024-08-22T00:00:00,CARB-753,True,Pass,CERT-53149,2025-08-22T00:00:00,Lab B
6cbcc07e-2d15-4f83-8ec4-81825cd0eb36,BATCH-003170,DOT,2023-12-25T00:00:00,DOT-883,False,Fail,,,Lab A
bfcd4562-7180-4357-a853-17bb33891505,BATCH-008689,EPA,2022-09-26T00:00:00,EPA-348,True,Pass,CERT-81794,2023-09-26T00:00:00,Internal
1c55044c-ce55-48a5-81de-283315fa1745,BATCH-007086,FMVSS,2023-11-24T00:00:00,FMVSS-268,True,Pass,CERT-74915,2024-11-23T00:00:00,Lab A
b408b089-9404-47f1-89a6-4ab0006d7449,BATCH-006246,EPA,2024-01-21T00:00:00,EPA-412,True,Pass,CERT-83392,2025-01-20T00:00:00,Lab C
f28ffd42-6cc7-47f2-b640-0a316f3193e8,BATCH-007126,ECE,2023-08-12T00:00:00,ECE-491,True,Pass,CERT-25499,2024-08-11T00:00:00,Lab B
9cf6db3b-062c-4232-ad5c-440f714ff20d,BATCH-006685,ECE,2023-04-28T00:00:00,ECE-899,True,Pass,CERT-36553,2024-04-27T00:00:00,Lab C
434258fb-e45b-42a1-9e06-6c974b28284b,BATCH-007637,EPA,2024-09-28T00:00:00,EPA-625,False,Fail,,,Lab B
7b59e71c-8d71-49db-a8fa-b966e540e92d,BATCH-000819,NHTSA,2024-03-06T00:00:00,NHTSA-380,True,Pass,CERT-75067,2025-03-06T00:00:00,Lab B
8ceade6a-c22a-4004-95ac-676b7dc847b3,BATCH-009156,EPA,2024-03-15T00:00:00,EPA-441,True,Pass,CERT-64399,2025-03-15T00:00:00,Lab C
606e674d-4594-44aa-b980-20049cb26f0f,BATCH-000130,ECE,2024-05-05T00:00:00,ECE-830,True,Pass,CERT-69596,2025-05-05T00:00:00,Internal
8bd5b1bd-f223-4d11-8e6f-4b7160e272a1,BATCH-002277,NHTSA,2023-12-29T00:00:00,NHTSA-755,True,Pass,CERT-55966,2024-12-28T00:00:00,Internal
5eed1b91-4d68-4ff0-a22b-b8efa365713d,BATCH-006519,ECE,2024-02-18T00:00:00,ECE-348,True,Pass,CERT-27529,2025-02-17T00:00:00,Lab A
da558f73-1b26-4011-943f-cb1689c841eb,BATCH-008826,ECE,2023-06-20T00:00:00,ECE-748,True,Pass,CERT-70803,2024-06-19T00:00:00,Lab C
4f57e5ff-caf3-4a62-a8bd-bb0419b7f543,BATCH-000504,NHTSA,2024-01-25T00:00:00,NHTSA-470,True,Pass,CERT-70838,2025-01-24T00:00:00,Internal
a80965c5-57d1-4bb7-83f4-de082cb49e1d,BATCH-009313,FMVSS,2023-01-23T00:00:00,FMVSS-399,True,Pass,CERT-28863,2024-01-23T00:00:00,Lab A
02eb1d55-c7ac-4230-9b9b-ade4de6fed19,BATCH-002008,DOT,2022-12-22T00:00:00,DOT-299,True,Pass,CERT-24493,2023-12-22T00:00:00,Lab C
e0f38f97-3b2d-4d0b-9097-240b4af7fda7,BATCH-003691,DOT,2024-01-10T00:00:00,DOT-511,True,Pass,CERT-67734,2025-01-09T00:00:00,Lab B
740fcdcd-a323-4cf7-9564-8393f33d518e,BATCH-001930,EPA,2024-09-13T00:00:00,EPA-119,True,Pass,CERT-34115,2025-09-13T00:00:00,Lab A
205ee2b4-2e4b-41ff-9d65-eec135100700,BATCH-003529,DOT,2024-09-14T00:00:00,DOT-819,True,Pass,CERT-53094,2025-09-14T00:00:00,Internal
5d15a8a5-95aa-449b-9821-005605d4d7e9,BATCH-007139,FMVSS,2023-10-30T00:00:00,FMVSS-106,True,Pass,CERT-54897,2024-10-29T00:00:00,Internal
eddb5269-4cb7-4324-a8f3-b8fc1643ee80,BATCH-007302,DOT,2024-01-08T00:00:00,DOT-701,True,Pass,CERT-37596,2025-01-07T00:00:00,Lab C
34bf8fef-93f7-4d8a-b48c-1ad1ebe7815c,BATCH-001005,CARB,2024-06-20T00:00:00,CARB-465,True,Pass,CERT-79493,2025-06-20T00:00:00,Lab B
4dec86a8-e01f-4b4c-8a29-27d9979817dd,BATCH-004645,FMVSS,2024-03-29T00:00:00,FMVSS-963,True,Pass,CERT-43366,2025-03-29T00:00:00,Lab C
dcb6bef2-cc60-4b9d-8570-bc9b66dc5be5,BATCH-007029,NHTSA,2024-10-24T00:00:00,NHTSA-168,True,Pass,CERT-47908,2025-10-24T00:00:00,Internal
fdfe191c-0a60-4233-bc49-478d180b4f8d,BATCH-002174,DOT,2024-10-14T00:00:00,DOT-948,True,Pass,CERT-12847,2025-10-14T00:00:00,Lab B
26e50184-43a2-4c6d-85c6-e01185e58346,BATCH-008746,ECE,2024-03-06T00:00:00,ECE-879,True,Pass,CERT-20266,2025-03-06T00:00:00,Lab A
98361a47-d6ea-4810-940a-a5918defd617,BATCH-001378,ECE,2024-09-29T00:00:00,ECE-889,True,Pass,CERT-97579,2025-09-29T00:00:00,Internal
a6c3c9a7-c3ef-49a2-8fe3-09240ba98b2b,BATCH-004294,CARB,2024-09-23T00:00:00,CARB-538,True,Pass,CERT-20551,2025-09-23T00:00:00,Lab B
afea5011-3cd7-47a1-8e71-3085e05445bf,BATCH-003159,NHTSA,2024-03-01T00:00:00,NHTSA-365,True,Pass,CERT-75105,2025-03-01T00:00:00,Lab C
d5a44021-8994-49b4-90ef-ac3c7dc9cf86,BATCH-003488,CARB,2024-03-06T00:00:00,CARB-934,True,Pass,CERT-57469,2025-03-06T00:00:00,Lab C
4e854484-a5e9-48f2-a2dd-201c0b8977df,BATCH-003009,DOT,2023-09-29T00:00:00,DOT-719,True,Pass,CERT-30290,2024-09-28T00:00:00,Lab B
5ff08c97-06fe-450c-912e-16aca83e58f4,BATCH-006870,NHTSA,2023-11-01T00:00:00,NHTSA-542,True,Pass,CERT-45538,2024-10-31T00:00:00,Internal
7cfe226c-ff39-4a4f-89b5-6e84a69bd3bd,BATCH-001763,ECE,2023-10-17T00:00:00,ECE-403,False,Fail,,,Lab B
295ba353-6dcf-4a25-9079-63cec5812051,BATCH-003095,CARB,2024-02-19T00:00:00,CARB-277,True,Pass,CERT-33146,2025-02-18T00:00:00,Lab A
59cb082b-90b0-4736-a3ea-8d2b732ff800,BATCH-004453,NHTSA,2024-01-17T00:00:00,NHTSA-562,True,Pass,CERT-50420,2025-01-16T00:00:00,Lab C
c400ad4c-622c-45de-ad58-4b92ed7c5e28,BATCH-003786,CARB,2024-03-30T00:00:00,CARB-762,True,Pass,CERT-64750,2025-03-30T00:00:00,Lab C
fd08f3c5-118d-491a-95f0-967e719a232b,BATCH-007957,EPA,2023-04-01T00:00:00,EPA-219,True,Pass,CERT-83340,2024-03-31T00:00:00,Lab A
527e14ae-a445-49e7-bfe2-cf32679f0a91,BATCH-004557,CARB,2024-01-26T00:00:00,CARB-819,True,Pass,CERT-66631,2025-01-25T00:00:00,Internal
14b339b4-8e41-4ea2-8139-a638452f5161,BATCH-000396,FMVSS,2024-02-18T00:00:00,FMVSS-594,True,Pass,CERT-97468,2025-02-17T00:00:00,Lab B
4ebd2590-a593-49ea-b1d5-b94f2df8d325,BATCH-007452,EPA,2024-09-02T00:00:00,EPA-265,True,Pass,CERT-56240,2025-09-02T00:00:00,Lab A
a56ee41e-5dfb-4e18-8c95-8e308ef0aebf,BATCH-002113,FMVSS,2024-08-11T00:00:00,FMVSS-917,True,Pass,CERT-82678,2025-08-11T00:00:00,Lab B
21383065-c93f-4c9b-ad41-a6f4ca88211a,BATCH-009311,ECE,2024-12-13T00:00:00,ECE-866,True,Pass,CERT-36121,2025-12-13T00:00:00,Lab A
8512eec3-644c-4ed2-84cf-f201feb7c90a,BATCH-004703,DOT,2024-09-02T00:00:00,DOT-885,True,Pass,CERT-84860,2025-09-02T00:00:00,Internal
2b062720-c2d3-4d76-a20e-bb8450ff9ad6,BATCH-004031,NHTSA,2024-02-11T00:00:00,NHTSA-433,True,Pass,CERT-54281,2025-02-10T00:00:00,Internal
f185d172-91eb-438e-83bf-aa6db3d04a1d,BATCH-002236,ECE,2024-07-19T00:00:00,ECE-340,True,Pass,CERT-13153,2025-07-19T00:00:00,Lab A
72526ef5-741e-4fa5-a0dc-4a5e4b38757c,BATCH-008526,ECE,2024-09-05T00:00:00,ECE-917,True,Pass,CERT-48047,2025-09-05T00:00:00,Internal
d2817f71-d37b-4c57-acfe-4d472cfce21f,BATCH-007049,NHTSA,2023-07-02T00:00:00,NHTSA-156,True,Pass,CERT-91360,2024-07-01T00:00:00,Internal
0376219a-5800-464b-af93-98d03b11d421,BATCH-007254,FMVSS,2023-06-22T00:00:00,FMVSS-133,True,Pass,CERT-31166,2024-06-21T00:00:00,Lab A
7a755226-4685-4731-b8d8-df5c08d7ea25,BATCH-005953,DOT,2023-11-06T00:00:00,DOT-485,True,Pass,CERT-29877,2024-11-05T00:00:00,Internal
58b9ee75-9706-4f1e-8728-9b0948b9a369,BATCH-006616,EPA,2024-04-05T00:00:00,EPA-834,True,Pass,CERT-60055,2025-04-05T00:00:00,Internal
c2ec4185-2165-4d61-a0bc-f4d6a794ef99,BATCH-008025,ECE,2023-07-28T00:00:00,ECE-183,True,Pass,CERT-51298,2024-07-27T00:00:00,Internal
1c3d4530-3c33-4bca-9af7-7e93fd2c41a2,BATCH-007408,CARB,2024-01-24T00:00:00,CARB-512,True,Pass,CERT-71732,2025-01-23T00:00:00,Lab B
fd1af6b7-30c3-4f59-9a82-51bfa3e1826e,BATCH-002564,EPA,2023-01-07T00:00:00,EPA-448,True,Pass,CERT-28567,2024-01-07T00:00:00,Internal
52a15434-cf1f-421d-b363-266c49af2093,BATCH-003347,ECE,2023-07-01T00:00:00,ECE-402,True,Pass,CERT-54647,2024-06-30T00:00:00,Lab B
5743e934-0f1d-468a-9feb-e2bf5a90b71c,BATCH-004069,CARB,2023-11-12T00:00:00,CARB-837,True,Pass,CERT-60052,2024-11-11T00:00:00,Lab C
48e6f9e3-97d6-411c-84a5-aed36a46cd81,BATCH-008340,EPA,2023-04-01T00:00:00,EPA-636,True,Pass,CERT-75394,2024-03-31T00:00:00,Lab B
d9899fc1-b45c-452a-869a-f434d9fbd489,BATCH-003945,FMVSS,2024-08-30T00:00:00,FMVSS-318,True,Pass,CERT-70024,2025-08-30T00:00:00,Internal
586fd046-86b9-4f1b-a7c3-df8791246fe3,BATCH-004627,CARB,2024-10-10T00:00:00,CARB-874,True,Pass,CERT-55032,2025-10-10T00:00:00,Lab B
15fd46d6-8377-427b-84f7-74d56c5e0df4,BATCH-003161,EPA,2023-11-22T00:00:00,EPA-944,True,Pass,CERT-62850,2024-11-21T00:00:00,Internal
a5d04a86-17f8-4713-adac-1ea7bb921401,BATCH-005980,NHTSA,2024-06-27T00:00:00,NHTSA-552,True,Pass,CERT-40822,2025-06-27T00:00:00,Internal
6b874a88-4841-431f-b152-24dffadc47cb,BATCH-008178,ECE,2023-09-24T00:00:00,ECE-355,True,Pass,CERT-75321,2024-09-23T00:00:00,Lab B
c0a9fc91-dbb3-40bc-a761-49b67d9ffea2,BATCH-001409,NHTSA,2024-04-06T00:00:00,NHTSA-255,True,Pass,CERT-29377,2025-04-06T00:00:00,Lab A
803da28b-5e64-4741-9cb0-64629f13a268,BATCH-005875,DOT,2023-10-08T00:00:00,DOT-261,True,Pass,CERT-12082,2024-10-07T00:00:00,Lab C
bc424fb1-ef76-4587-9fc4-f8b232333816,BATCH-000062,NHTSA,2024-01-13T00:00:00,NHTSA-405,True,Pass,CERT-95972,2025-01-12T00:00:00,Internal
3b195a56-3f9e-4f53-b726-c901b47dd690,BATCH-007656,FMVSS,2023-01-29T00:00:00,FMVSS-413,True,Pass,CERT-40472,2024-01-29T00:00:00,Lab B
c66a4e40-e8ae-435a-b29b-0802d5321e94,BATCH-007669,CARB,2023-06-01T00:00:00,CARB-262,True,Pass,CERT-68877,2024-05-31T00:00:00,Internal
5676c349-412e-41c1-9182-51379dd50023,BATCH-002800,DOT,2024-06-11T00:00:00,DOT-152,True,Pass,CERT-40931,2025-06-11T00:00:00,Lab A
6cb04028-e258-4817-ba05-588e79c1222e,BATCH-005807,ECE,2023-08-26T00:00:00,ECE-356,True,Pass,CERT-31937,2024-08-25T00:00:00,Lab C
b205920b-305d-426d-a7ec-4f23b9ed2e44,BATCH-006080,NHTSA,2022-10-03T00:00:00,NHTSA-129,False,Fail,,,Lab A
a971c61b-a1d6-40e3-9f75-8332c7be139d,BATCH-005523,CARB,2022-12-28T00:00:00,CARB-427,True,Pass,CERT-13739,2023-12-28T00:00:00,Internal
c57e3f24-db54-4782-bc49-ee545ae3c5a2,BATCH-000241,EPA,2023-08-31T00:00:00,EPA-861,True,Pass,CERT-24461,2024-08-30T00:00:00,Lab A
d87e5ee7-84c5-41ed-a0f0-38d7f2ddc460,BATCH-000481,DOT,2024-02-28T00:00:00,DOT-788,True,Pass,CERT-32264,2025-02-27T00:00:00,Lab B
34851467-5196-4b5d-93f1-45e85943a699,BATCH-003431,DOT,2024-07-04T00:00:00,DOT-350,True,Pass,CERT-68325,2025-07-04T00:00:00,Lab B
cae9820b-5b85-4128-9abb-014e5b009830,BATCH-005168,EPA,2022-11-05T00:00:00,EPA-106,True,Pass,CERT-44159,2023-11-05T00:00:00,Lab A
240c450c-a3dc-417d-8c5c-2015b1ce3280,BATCH-001680,EPA,2023-10-22T00:00:00,EPA-464,False,Fail,,,Lab C
b4230cab-7a71-4ebd-9a71-f8bcac105aff,BATCH-004134,DOT,2024-03-05T00:00:00,DOT-129,True,Pass,CERT-76421,2025-03-05T00:00:00,Lab A
a7300fec-81b1-4404-9078-353ef8e01429,BATCH-000612,DOT,2024-03-07T00:00:00,DOT-878,True,Pass,CERT-25110,2025-03-07T00:00:00,Internal
81338c34-a169-4c16-adb5-aebba74db21d,BATCH-006829,NHTSA,2023-12-02T00:00:00,NHTSA-198,True,Pass,CERT-32021,2024-12-01T00:00:00,Lab C
86faa3bd-25bd-41f8-a472-fe6aee19c98e,BATCH-005130,NHTSA,2023-10-08T00:00:00,NHTSA-764,True,Pass,CERT-10158,2024-10-07T00:00:00,Internal
77d503f2-6d52-4b5f-b59e-8c2abdeccd3f,BATCH-001718,FMVSS,2023-11-22T00:00:00,FMVSS-931,False,Fail,,,Lab A
e7b421de-7a42-4f28-b132-7b3db324ca95,BATCH-009113,DOT,2023-09-19T00:00:00,DOT-302,True,Pass,CERT-13691,2024-09-18T00:00:00,Lab B
b5b2af9e-4f43-4189-810f-3d4ac4440979,BATCH-006971,CARB,2024-07-08T00:00:00,CARB-488,True,Pass,CERT-47000,2025-07-08T00:00:00,Lab A
9eea13ed-d358-4522-851a-85237d786f6b,BATCH-000920,ECE,2023-12-22T00:00:00,ECE-927,True,Pass,CERT-41360,2024-12-21T00:00:00,Internal
59c6e4e0-4e63-4857-9b60-44cd771edea1,BATCH-008976,ECE,2023-12-02T00:00:00,ECE-854,True,Pass,CERT-46536,2024-12-01T00:00:00,Lab B
e1ea9a7f-0567-4481-af9c-997ff85c0114,BATCH-000890,ECE,2023-10-27T00:00:00,ECE-848,True,Pass,CERT-76283,2024-10-26T00:00:00,Lab C
d4bf6af8-e8db-41eb-a93a-ce705bf97d4e,BATCH-005238,EPA,2024-03-26T00:00:00,EPA-848,True,Pass,CERT-77092,2025-03-26T00:00:00,Internal
cc1dbe44-32a6-4d54-ab62-c86858c1bdf3,BATCH-003260,FMVSS,2024-09-29T00:00:00,FMVSS-720,True,Pass,CERT-86359,2025-09-29T00:00:00,Internal
0471a646-c490-4a0c-9de4-69e0a6f7109e,BATCH-001621,NHTSA,2023-04-16T00:00:00,NHTSA-553,True,Pass,CERT-44232,2024-04-15T00:00:00,Lab A
a7e31353-1f50-49ec-b506-98d47675ddad,BATCH-005567,CARB,2024-07-31T00:00:00,CARB-295,True,Pass,CERT-29363,2025-07-31T00:00:00,Lab A
200e0f5c-bb36-4e2a-97fe-6bc029f7041d,BATCH-006335,DOT,2024-08-11T00:00:00,DOT-532,True,Pass,CERT-62038,2025-08-11T00:00:00,Lab A
0881a10d-4f00-497b-adf6-f75dad11694a,BATCH-004889,FMVSS,2023-01-27T00:00:00,FMVSS-893,True,Pass,CERT-28428,2024-01-27T00:00:00,Lab B
f4541f3e-1279-4f08-ba7b-adc43122670d,BATCH-004333,EPA,2023-09-20T00:00:00,EPA-357,True,Pass,CERT-39447,2024-09-19T00:00:00,Internal
8f7defab-309e-4914-b8b0-523ede19a690,BATCH-004648,NHTSA,2024-03-23T00:00:00,NHTSA-711,True,Pass,CERT-81928,2025-03-23T00:00:00,Internal
7aecd74b-4bcd-4c6c-8086-b85639c0cfb0,BATCH-009198,ECE,2023-12-21T00:00:00,ECE-215,True,Pass,CERT-33655,2024-12-20T00:00:00,Lab A
af499a00-a1c1-4e88-8011-06325d022b79,BATCH-005715,FMVSS,2024-11-01T00:00:00,FMVSS-747,True,Pass,CERT-39157,2025-11-01T00:00:00,Lab B
e27feaac-dfa5-4335-9fe9-54755880d1e6,BATCH-003527,EPA,2024-03-05T00:00:00,EPA-372,True,Pass,CERT-58109,2025-03-05T00:00:00,Lab A
bc53c86f-8cbb-4d52-b017-22c52de3821d,BATCH-005762,EPA,2024-01-04T00:00:00,EPA-420,True,Pass,CERT-21607,2025-01-03T00:00:00,Lab B
6b124b62-7ca6-4d88-9228-c53d786327e9,BATCH-004127,CARB,2024-07-31T00:00:00,CARB-653,True,Pass,CERT-64910,2025-07-31T00:00:00,Lab C
cb8162f2-b7c1-4447-94fb-64b81755ba30,BATCH-008187,FMVSS,2023-06-17T00:00:00,FMVSS-667,True,Pass,CERT-27079,2024-06-16T00:00:00,Internal
26b5eff1-ebed-4ca2-8c02-ab5db845d0ce,BATCH-002858,FMVSS,2023-09-14T00:00:00,FMVSS-443,True,Pass,CERT-25763,2024-09-13T00:00:00,Lab C
67960309-2612-452c-8f19-ea0eb9dc35db,BATCH-004972,CARB,2024-09-16T00:00:00,CARB-149,True,Pass,CERT-56311,2025-09-16T00:00:00,Internal
5d9498ea-ce40-4f29-8e94-d1f947ef4937,BATCH-001266,ECE,2023-07-06T00:00:00,ECE-569,True,Pass,CERT-36505,2024-07-05T00:00:00,Lab C
4f90b995-b6fe-418b-bc91-17f0a492ddb3,BATCH-003554,DOT,2024-06-29T00:00:00,DOT-487,True,Pass,CERT-68781,2025-06-29T00:00:00,Lab C
04bde3cc-4d56-4050-a697-050ad17abf9e,BATCH-004416,FMVSS,2024-09-21T00:00:00,FMVSS-663,True,Pass,CERT-63126,2025-09-21T00:00:00,Lab C
aac3d5eb-5e32-4322-8d02-a33fee23762d,BATCH-006098,ECE,2022-12-27T00:00:00,ECE-950,True,Pass,CERT-16261,2023-12-27T00:00:00,Lab A
c265e741-5932-481f-928c-efa97a42c314,BATCH-000514,FMVSS,2024-03-20T00:00:00,FMVSS-415,True,Pass,CERT-38103,2025-03-20T00:00:00,Lab A
3432cfdf-2734-4810-982c-93562828ad17,BATCH-000462,CARB,2024-05-21T00:00:00,CARB-646,True,Pass,CERT-25407,2025-05-21T00:00:00,Lab B
03a3e6ad-d7a3-445d-8fb1-4de49ba2b65d,BATCH-002567,NHTSA,2023-01-12T00:00:00,NHTSA-736,True,Pass,CERT-48346,2024-01-12T00:00:00,Internal
34e9c881-a148-4e3a-b707-755663b2c48f,BATCH-002660,FMVSS,2023-10-02T00:00:00,FMVSS-156,True,Pass,CERT-30940,2024-10-01T00:00:00,Lab A
99d673f3-eb58-41b0-870e-5d262dfa1110,BATCH-003419,EPA,2024-03-24T00:00:00,EPA-964,True,Pass,CERT-42736,2025-03-24T00:00:00,Lab A
9c19d029-8c91-43c3-b220-640a39683f98,BATCH-002287,FMVSS,2024-07-14T00:00:00,FMVSS-455,True,Pass,CERT-95252,2025-07-14T00:00:00,Lab A
c610ffef-c55e-49f8-86a9-c6e1e43710a5,BATCH-004087,FMVSS,2024-02-07T00:00:00,FMVSS-876,True,Pass,CERT-82919,2025-02-06T00:00:00,Lab C
b72f4fc8-8aeb-409e-b490-88ba640751bf,BATCH-001998,EPA,2023-03-12T00:00:00,EPA-548,True,Pass,CERT-14882,2024-03-11T00:00:00,Lab B
8c883da1-f609-4947-a739-679a3ff97508,BATCH-004975,ECE,2024-11-04T00:00:00,ECE-603,True,Pass,CERT-57289,2025-11-04T00:00:00,Lab C
3f692bdb-2e4a-4810-af26-4a45c67ef95f,BATCH-001450,DOT,2024-03-12T00:00:00,DOT-605,True,Pass,CERT-93453,2025-03-12T00:00:00,Lab C
d37b9118-61b2-4fec-b200-d6e276a2728b,BATCH-004301,CARB,2024-06-01T00:00:00,CARB-377,True,Pass,CERT-11272,2025-06-01T00:00:00,Internal
90d9d5ba-45b4-457f-b63f-13f0c336030e,BATCH-002849,FMVSS,2023-12-11T00:00:00,FMVSS-275,True,Pass,CERT-27083,2024-12-10T00:00:00,Internal
74a4d49b-ef53-4caa-878c-3eb320f63a87,BATCH-008722,EPA,2022-11-22T00:00:00,EPA-600,True,Pass,CERT-55146,2023-11-22T00:00:00,Lab A
83e98cdd-539f-43fa-b696-1e65f055946c,BATCH-003428,DOT,2023-01-17T00:00:00,DOT-918,True,Pass,CERT-89677,2024-01-17T00:00:00,Lab C
9dd8c0f1-f91b-49f2-a781-0ffc9f5a95bb,BATCH-000316,EPA,2023-12-04T00:00:00,EPA-314,True,Pass,CERT-52827,2024-12-03T00:00:00,Internal
67f16a28-06a6-4465-82de-6c2e68907b3d,BATCH-009314,NHTSA,2023-08-09T00:00:00,NHTSA-998,True,Pass,CERT-73330,2024-08-08T00:00:00,Lab C
f70fcff3-c49f-428e-9f00-242110b4c72f,BATCH-004475,FMVSS,2024-08-17T00:00:00,FMVSS-206,True,Pass,CERT-93980,2025-08-17T00:00:00,Lab B
42bfaaae-7882-4ee3-97dd-ec9f6ad6d9d6,BATCH-005190,DOT,2023-09-11T00:00:00,DOT-132,True,Pass,CERT-42920,2024-09-10T00:00:00,Lab A
bb45dbe1-f007-4639-ab21-af75071b3321,BATCH-000670,CARB,2024-10-24T00:00:00,CARB-880,True,Pass,CERT-65357,2025-10-24T00:00:00,Internal
bee2ffd5-b4e9-4409-b3ff-9f00a2279a91,BATCH-007875,EPA,2023-02-19T00:00:00,EPA-461,True,Pass,CERT-98061,2024-02-19T00:00:00,Internal
10ac251a-afae-4796-845b-39a4299385bf,BATCH-002209,DOT,2022-10-13T00:00:00,DOT-448,True,Pass,CERT-63540,2023-10-13T00:00:00,Lab C
65c62f1c-4376-412d-bc55-bfbe0f57be6b,BATCH-002365,ECE,2024-10-10T00:00:00,ECE-359,True,Pass,CERT-50670,2025-10-10T00:00:00,Lab A
857114a2-571e-49ea-a581-56e351539c8f,BATCH-004688,NHTSA,2023-07-26T00:00:00,NHTSA-175,True,Pass,CERT-20214,2024-07-25T00:00:00,Lab A
8901fe8f-f9b6-4224-8ff5-cc955ffe389b,BATCH-008004,CARB,2023-05-30T00:00:00,CARB-951,False,Fail,,,Lab A
c192cd31-1a2c-46f1-8f54-25a33f520670,BATCH-007331,CARB,2024-09-05T00:00:00,CARB-717,True,Pass,CERT-69129,2025-09-05T00:00:00,Lab C
2c59805c-275d-4fb2-825b-d6a9b490bb97,BATCH-000578,FMVSS,2023-10-20T00:00:00,FMVSS-689,True,Pass,CERT-15118,2024-10-19T00:00:00,Lab B
bce4a900-6a53-41c1-bdb6-7a189d72c0c9,BATCH-006192,NHTSA,2024-10-09T00:00:00,NHTSA-599,True,Pass,CERT-90302,2025-10-09T00:00:00,Lab A
2fa77455-5e74-4a6e-b8ee-dfc9dbad1172,BATCH-007310,DOT,2023-03-13T00:00:00,DOT-707,True,Pass,CERT-95274,2024-03-12T00:00:00,Lab C
906d012e-abc0-4e94-bc83-292e61192138,BATCH-008527,FMVSS,2024-04-22T00:00:00,FMVSS-718,True,Pass,CERT-43815,2025-04-22T00:00:00,Internal
ddfe95c6-271f-493e-bcc5-a1166b876615,BATCH-003006,ECE,2024-02-07T00:00:00,ECE-411,True,Pass,CERT-78597,2025-02-06T00:00:00,Internal
aea3c143-85d5-484a-8b76-717e0635297e,BATCH-000489,ECE,2024-11-03T00:00:00,ECE-426,False,Fail,,,Lab C
408320f9-a590-4567-b0f7-16be6675105e,BATCH-007342,CARB,2024-06-20T00:00:00,CARB-407,False,Fail,,,Internal
4303e5fd-d612-459f-854a-acfe6c99212e,BATCH-003145,DOT,2023-06-06T00:00:00,DOT-188,True,Pass,CERT-50527,2024-06-05T00:00:00,Lab B
2aaacf0a-eebd-4bf9-97cc-6de091e47931,BATCH-006717,EPA,2024-05-22T00:00:00,EPA-405,True,Pass,CERT-57734,2025-05-22T00:00:00,Lab C
2f39c865-d53c-4904-9255-c391ae3fd6b9,BATCH-001587,DOT,2024-03-17T00:00:00,DOT-772,True,Pass,CERT-64076,2025-03-17T00:00:00,Lab C
c1737b91-42d9-4d4e-872b-6c133a471771,BATCH-002104,CARB,2023-10-18T00:00:00,CARB-206,True,Pass,CERT-76705,2024-10-17T00:00:00,Internal
2d72ba3f-74a9-4f80-9f81-295f28ce1aeb,BATCH-005075,DOT,2022-10-30T00:00:00,DOT-136,True,Pass,CERT-68436,2023-10-30T00:00:00,Lab C
9fac913b-aff0-480a-b5ee-75373e0fc9cf,BATCH-007076,DOT,2024-01-18T00:00:00,DOT-284,True,Pass,CERT-29601,2025-01-17T00:00:00,Lab C
2511cce5-a875-4c58-ab08-34065278ad6c,BATCH-004716,ECE,2024-05-19T00:00:00,ECE-288,False,Fail,,,Internal
8eed5113-549d-4d75-92fb-5d777297033f,BATCH-001837,DOT,2024-04-11T00:00:00,DOT-317,True,Pass,CERT-63042,2025-04-11T00:00:00,Lab A
b0cf3dd6-d7cc-4d45-918d-a2d3f1f40983,BATCH-002134,FMVSS,2024-09-04T00:00:00,FMVSS-467,True,Pass,CERT-30760,2025-09-04T00:00:00,Lab B
391ff003-d7b6-4a0c-86f1-d8a35535fdd6,BATCH-003966,NHTSA,2024-05-25T00:00:00,NHTSA-918,True,Pass,CERT-26932,2025-05-25T00:00:00,Lab C
0ef224ea-50d0-4637-a6d8-381f883909e6,BATCH-004460,ECE,2024-01-05T00:00:00,ECE-907,True,Pass,CERT-48119,2025-01-04T00:00:00,Lab B
2dc537f5-063d-469f-af80-b95d1374dd87,BATCH-008134,DOT,2024-04-27T00:00:00,DOT-469,True,Pass,CERT-11164,2025-04-27T00:00:00,Lab A
ae41849e-6a7a-4c11-9f0c-cd28408af8bc,BATCH-008989,ECE,2023-01-11T00:00:00,ECE-427,True,Pass,CERT-83021,2024-01-11T00:00:00,Lab A
bd4d3d68-3e68-4dc8-987f-36cd72b5559c,BATCH-009430,FMVSS,2024-06-23T00:00:00,FMVSS-513,False,Fail,,,Internal
5e40ac4b-e263-488b-899b-f4aabe81a9bd,BATCH-005612,ECE,2023-07-01T00:00:00,ECE-346,True,Pass,CERT-47207,2024-06-30T00:00:00,Lab B
ee6aea66-6810-49f2-ad2e-960aaf10b4c9,BATCH-006889,CARB,2023-12-22T00:00:00,CARB-570,True,Pass,CERT-58939,2024-12-21T00:00:00,Lab B
8362e003-31ba-4089-a6f7-1b067b279e76,BATCH-005446,ECE,2024-01-05T00:00:00,ECE-977,True,Pass,CERT-51927,2025-01-04T00:00:00,Internal
00677df6-1222-4360-b6c7-9f6dde3731cf,BATCH-004744,ECE,2024-02-28T00:00:00,ECE-404,True,Pass,CERT-85183,2025-02-27T00:00:00,Internal
125fe9ce-0af2-403a-8116-5051023969ce,BATCH-009294,DOT,2024-07-02T00:00:00,DOT-472,True,Pass,CERT-55340,2025-07-02T00:00:00,Lab C
1915ec52-7684-4be0-b6d4-64986747fab8,BATCH-008253,NHTSA,2024-09-01T00:00:00,NHTSA-797,True,Pass,CERT-89122,2025-09-01T00:00:00,Lab B
ac732d5d-4969-49d8-943e-1b489884c814,BATCH-002189,EPA,2023-12-03T00:00:00,EPA-886,True,Pass,CERT-30437,2024-12-02T00:00:00,Lab C
8b29c1c7-831b-4811-9c47-d8d47be82956,BATCH-005751,FMVSS,2024-10-20T00:00:00,FMVSS-580,True,Pass,CERT-35373,2025-10-20T00:00:00,Lab C
3c0051d1-415d-4aac-a19f-874bd6ecc394,BATCH-003867,ECE,2023-12-16T00:00:00,ECE-872,True,Pass,CERT-34760,2024-12-15T00:00:00,Lab B
7de6ee5e-8fad-44da-b937-4a5aadf0d514,BATCH-000244,NHTSA,2024-04-21T00:00:00,NHTSA-546,True,Pass,CERT-90302,2025-04-21T00:00:00,Internal
a3eddf3d-9b6d-4e49-8020-421e7a9ae90c,BATCH-009095,ECE,2024-08-05T00:00:00,ECE-732,True,Pass,CERT-78581,2025-08-05T00:00:00,Lab C
c4f9a79d-0a3c-4055-8e40-4ce05d76a7d0,BATCH-006947,DOT,2024-04-16T00:00:00,DOT-216,True,Pass,CERT-19748,2025-04-16T00:00:00,Internal
9a14f300-98b3-4d73-9906-70ed52458281,BATCH-000416,NHTSA,2024-11-15T00:00:00,NHTSA-325,True,Pass,CERT-93272,2025-11-15T00:00:00,Internal
c9fd0eb7-d0c6-4862-8789-bc9efe4b5c3f,BATCH-007584,CARB,2024-09-12T00:00:00,CARB-775,True,Pass,CERT-23862,2025-09-12T00:00:00,Lab C
b9860888-f626-4caa-8ee5-034785b46fe3,BATCH-006058,FMVSS,2023-02-13T00:00:00,FMVSS-171,True,Pass,CERT-78388,2024-02-13T00:00:00,Lab C
883cb77c-4e2d-4e36-b02e-33ebe4cb6df2,BATCH-007198,DOT,2024-04-19T00:00:00,DOT-100,True,Pass,CERT-19285,2025-04-19T00:00:00,Internal
34efad2e-ac05-4bf7-98aa-853737e4aaab,BATCH-004923,ECE,2024-06-09T00:00:00,ECE-350,True,Pass,CERT-19718,2025-06-09T00:00:00,Internal
0c6cb7c9-d763-4294-80d6-6f1433d44d3d,BATCH-003444,FMVSS,2024-04-23T00:00:00,FMVSS-296,True,Pass,CERT-17909,2025-04-23T00:00:00,Lab C
73bc2eb0-6150-4ce0-8a78-2050737b3821,BATCH-003668,ECE,2024-01-22T00:00:00,ECE-765,False,Fail,,,Lab B
d258a688-c603-4069-a290-bfa1c8bf782d,BATCH-000568,FMVSS,2023-08-08T00:00:00,FMVSS-325,True,Pass,CERT-74507,2024-08-07T00:00:00,Lab A
69c6f26b-b9dd-4c10-a70d-0c366a50383a,BATCH-004473,CARB,2023-05-23T00:00:00,CARB-990,True,Pass,CERT-56382,2024-05-22T00:00:00,Lab B
93963f83-708f-44b9-bd18-7fabe56442a5,BATCH-001254,FMVSS,2024-10-02T00:00:00,FMVSS-966,True,Pass,CERT-17315,2025-10-02T00:00:00,Lab A
6ddbeebd-e119-4153-8dc1-a2a303c35380,BATCH-005554,ECE,2024-01-15T00:00:00,ECE-480,True,Pass,CERT-27187,2025-01-14T00:00:00,Lab B
254e2491-3916-44ee-8d03-54d8575510c3,BATCH-002257,EPA,2023-04-17T00:00:00,EPA-216,True,Pass,CERT-97920,2024-04-16T00:00:00,Lab C
1dd86789-628d-423c-ac79-d95148b1b15c,BATCH-005582,FMVSS,2024-02-23T00:00:00,FMVSS-793,True,Pass,CERT-27100,2025-02-22T00:00:00,Lab B
21aca334-dd17-4f2c-9be1-522ebd7cd3cd,BATCH-002225,ECE,2024-04-27T00:00:00,ECE-443,True,Pass,CERT-69087,2025-04-27T00:00:00,Lab C
ebd9e56a-8a8e-4a01-9285-cc5edf23fcfc,BATCH-003364,FMVSS,2024-07-28T00:00:00,FMVSS-875,True,Pass,CERT-69766,2025-07-28T00:00:00,Lab C
4b260ac5-1d56-4a55-af84-0d06ff4eaa74,BATCH-009424,FMVSS,2023-12-30T00:00:00,FMVSS-710,True,Pass,CERT-59315,2024-12-29T00:00:00,Lab C
ae4b7d3d-f480-4f13-8605-f0eb1ea7b4f4,BATCH-007536,ECE,2024-08-18T00:00:00,ECE-781,True,Pass,CERT-66697,2025-08-18T00:00:00,Lab A
d03f63a2-0bad-4fc2-8352-2dfc8107dedc,BATCH-007443,DOT,2024-05-17T00:00:00,DOT-872,True,Pass,CERT-31601,2025-05-17T00:00:00,Lab C
4bd5e8bc-5922-4898-85af-d2cf76f94c4f,BATCH-004584,ECE,2024-02-24T00:00:00,ECE-306,True,Pass,CERT-34504,2025-02-23T00:00:00,Lab B
5b3dbe7c-2ad9-4f21-9473-ec73e5d0ee73,BATCH-007125,EPA,2024-03-24T00:00:00,EPA-785,True,Pass,CERT-81376,2025-03-24T00:00:00,Lab C
c9466141-bf16-49e4-a7cc-4d2dfa4c4d66,BATCH-009163,FMVSS,2023-12-12T00:00:00,FMVSS-449,True,Pass,CERT-88725,2024-12-11T00:00:00,Lab A
c70f2ece-0c6e-433f-9c77-0f3114bd9d16,BATCH-006718,NHTSA,2024-07-10T00:00:00,NHTSA-630,True,Pass,CERT-53645,2025-07-10T00:00:00,Internal
b24e4bb6-0670-478b-93cf-a81193f2ba3c,BATCH-002527,ECE,2023-11-12T00:00:00,ECE-481,False,Fail,,,Lab A
ca63a21a-8527-4d0b-a919-1eda6f93d941,BATCH-009353,ECE,2024-07-10T00:00:00,ECE-257,False,Fail,,,Lab B
93215f58-755b-43a6-a0d5-711a87384d74,BATCH-004000,EPA,2023-08-20T00:00:00,EPA-875,True,Pass,CERT-31887,2024-08-19T00:00:00,Internal
303975dc-590f-490c-863d-a4a9f75ec56f,BATCH-002745,CARB,2024-10-27T00:00:00,CARB-864,True,Pass,CERT-66743,2025-10-27T00:00:00,Lab B
f5741aa0-5dbb-4933-be85-742d6a2d3399,BATCH-004170,EPA,2024-04-27T00:00:00,EPA-256,True,Pass,CERT-99646,2025-04-27T00:00:00,Lab A
9046cc4d-703c-4beb-b744-e3b0d70ed675,BATCH-001920,NHTSA,2024-03-14T00:00:00,NHTSA-483,True,Pass,CERT-99718,2025-03-14T00:00:00,Lab B
08167415-ded2-4681-baff-84505ff54d89,BATCH-008296,CARB,2023-05-06T00:00:00,CARB-660,True,Pass,CERT-97094,2024-05-05T00:00:00,Lab C
b83be6d0-a71c-4bba-b601-0d11e8c1ad1f,BATCH-002472,DOT,2023-01-10T00:00:00,DOT-392,True,Pass,CERT-89004,2024-01-10T00:00:00,Lab C
3325b93e-0e52-42d3-9c5c-bd1f4413e331,BATCH-005593,NHTSA,2024-01-22T00:00:00,NHTSA-776,True,Pass,CERT-34428,2025-01-21T00:00:00,Internal
473016bb-3f37-44a8-b6fc-7ee063ea7972,BATCH-004668,FMVSS,2024-09-02T00:00:00,FMVSS-265,True,Pass,CERT-63160,2025-09-02T00:00:00,Internal
66a10faa-b78f-4544-99f4-bd416740db4a,BATCH-005559,FMVSS,2023-12-30T00:00:00,FMVSS-235,True,Pass,CERT-92255,2024-12-29T00:00:00,Internal
6e98c4b2-a321-4085-8391-8b2e68993c5e,BATCH-007492,CARB,2023-02-23T00:00:00,CARB-209,True,Pass,CERT-99663,2024-02-23T00:00:00,Lab B
871a6f78-7743-4cdf-b57d-8921b9d149ab,BATCH-003665,FMVSS,2022-10-22T00:00:00,FMVSS-165,True,Pass,CERT-52236,2023-10-22T00:00:00,Lab C
484daec7-59ff-4e80-a24b-2f4c4d63d5a1,BATCH-001240,ECE,2024-06-21T00:00:00,ECE-167,True,Pass,CERT-85450,2025-06-21T00:00:00,Lab A
e400375d-1936-4c47-9604-ec349e76e7ca,BATCH-002488,NHTSA,2024-02-05T00:00:00,NHTSA-413,True,Pass,CERT-80127,2025-02-04T00:00:00,Internal
973b7423-4504-4f2e-842e-4512d49a8ed6,BATCH-001166,NHTSA,2024-07-12T00:00:00,NHTSA-302,True,Pass,CERT-63301,2025-07-12T00:00:00,Lab C
d7af9618-c219-4cef-954d-04af5c372777,BATCH-004065,CARB,2023-05-29T00:00:00,CARB-663,True,Pass,CERT-31890,2024-05-28T00:00:00,Lab A
7199ac0d-edb1-4106-b38d-cab020a048fe,BATCH-005961,ECE,2024-02-15T00:00:00,ECE-216,True,Pass,CERT-76633,2025-02-14T00:00:00,Lab B
47b57c6f-3057-4306-af6d-4cfca975e7f2,BATCH-005729,FMVSS,2024-07-29T00:00:00,FMVSS-638,True,Pass,CERT-29451,2025-07-29T00:00:00,Lab A
0d5a23d7-23c9-42ca-bd62-f230cc224150,BATCH-002599,NHTSA,2023-05-27T00:00:00,NHTSA-160,True,Pass,CERT-55022,2024-05-26T00:00:00,Internal
32f1a6dc-5b20-4204-8f59-9af318d1d55c,BATCH-007276,FMVSS,2023-07-04T00:00:00,FMVSS-336,True,Pass,CERT-54631,2024-07-03T00:00:00,Lab A
de573fa9-b311-4806-b841-02d6e1c7dff7,BATCH-003537,CARB,2024-06-21T00:00:00,CARB-875,True,Pass,CERT-17135,2025-06-21T00:00:00,Lab B
9e175405-00c5-4189-b482-d7f1bfbcb171,BATCH-007416,EPA,2024-12-03T00:00:00,EPA-906,True,Pass,CERT-68436,2025-12-03T00:00:00,Internal
debd4259-efcd-4bb6-8966-e3cf14a8d6d5,BATCH-001213,EPA,2024-04-18T00:00:00,EPA-659,True,Pass,CERT-93309,2025-04-18T00:00:00,Lab C
511439ca-3fda-4bf2-bfc0-30d46615fc7d,BATCH-008906,DOT,2022-12-14T00:00:00,DOT-594,True,Pass,CERT-17829,2023-12-14T00:00:00,Lab C
51fc9249-9300-4919-8ec4-f4b9f7909734,BATCH-002671,CARB,2024-04-26T00:00:00,CARB-109,True,Pass,CERT-95175,2025-04-26T00:00:00,Lab B
6fbf0bae-1564-4cde-bcf8-0f94a35d2020,BATCH-008003,DOT,2023-04-05T00:00:00,DOT-464,False,Fail,,,Lab C
6652ead9-f142-41e2-a5af-6bf694402135,BATCH-006021,DOT,2023-10-23T00:00:00,DOT-622,True,Pass,CERT-39398,2024-10-22T00:00:00,Lab A
d0947844-b325-4b5a-ad20-13bc992ad2be,BATCH-003486,ECE,2024-04-30T00:00:00,ECE-700,True,Pass,CERT-77161,2025-04-30T00:00:00,Lab A
b0417384-45f6-4f53-8fab-9587137ed5e3,BATCH-001118,FMVSS,2023-09-21T00:00:00,FMVSS-620,True,Pass,CERT-39355,2024-09-20T00:00:00,Lab C
81a8e1de-ed86-4a05-aa99-d4d5db4ad800,BATCH-007847,DOT,2023-12-23T00:00:00,DOT-560,True,Pass,CERT-49176,2024-12-22T00:00:00,Internal
00c886cd-8d59-4e0b-b3c6-c020309c9bfd,BATCH-003718,FMVSS,2024-07-06T00:00:00,FMVSS-930,True,Pass,CERT-34668,2025-07-06T00:00:00,Lab A
2171f218-8b8a-440f-bbdf-142bba3ad167,BATCH-000535,NHTSA,2023-12-28T00:00:00,NHTSA-430,True,Pass,CERT-23910,2024-12-27T00:00:00,Lab A
6230359f-da1c-4451-85ea-96b31307960c,BATCH-000799,DOT,2024-09-29T00:00:00,DOT-405,True,Pass,CERT-63741,2025-09-29T00:00:00,Lab A
c8b5bcc2-7315-4ed5-b905-8a443814f03e,BATCH-000319,DOT,2023-11-07T00:00:00,DOT-514,True,Pass,CERT-91091,2024-11-06T00:00:00,Lab B
f8787d16-458b-40f4-b9df-042c10c623d8,BATCH-009359,EPA,2023-11-04T00:00:00,EPA-305,True,Pass,CERT-44858,2024-11-03T00:00:00,Lab C
577eda17-f162-453a-9eed-338f58973cfb,BATCH-001630,EPA,2024-04-08T00:00:00,EPA-127,True,Pass,CERT-37996,2025-04-08T00:00:00,Lab A
496e5556-64b6-44ba-b7bd-8c0253b8d830,BATCH-006819,EPA,2024-01-29T00:00:00,EPA-184,True,Pass,CERT-82877,2025-01-28T00:00:00,Lab A
c566c928-d0c1-4d60-b5b8-633bfeb2d0ee,BATCH-005284,ECE,2022-07-12T00:00:00,ECE-710,True,Pass,CERT-61775,2023-07-12T00:00:00,Lab A
2e253db2-e8cd-4898-bb6e-832d977cf9ff,BATCH-005595,ECE,2023-08-04T00:00:00,ECE-126,True,Pass,CERT-38583,2024-08-03T00:00:00,Lab A
9d059ef0-ef61-483b-8dc2-ccebb8d629b5,BATCH-002529,CARB,2023-01-01T00:00:00,CARB-710,True,Pass,CERT-99415,2024-01-01T00:00:00,Lab C
5014652a-2892-4446-805f-0416d54d21ba,BATCH-009208,FMVSS,2024-02-08T00:00:00,FMVSS-635,True,Pass,CERT-14095,2025-02-07T00:00:00,Lab C
f40b0e0b-6d5d-4fcc-9bdd-e10fee05c3b2,BATCH-002605,EPA,2024-07-17T00:00:00,EPA-735,True,Pass,CERT-78717,2025-07-17T00:00:00,Internal
486b96f1-fee5-49a6-8e1c-f95be17c3ee4,BATCH-000007,ECE,2024-07-03T00:00:00,ECE-458,True,Pass,CERT-55492,2025-07-03T00:00:00,Lab B
eed61936-77bf-49f5-b704-ac92ae585445,BATCH-008559,NHTSA,2024-02-26T00:00:00,NHTSA-521,True,Pass,CERT-12222,2025-02-25T00:00:00,Internal
a45ea588-fb46-4df5-9c58-67686803fefb,BATCH-008635,NHTSA,2024-05-14T00:00:00,NHTSA-221,True,Pass,CERT-34036,2025-05-14T00:00:00,Lab C
1c4fcf53-98a6-4ab4-857d-c1bdf9f99d22,BATCH-001760,DOT,2024-10-02T00:00:00,DOT-986,True,Pass,CERT-83561,2025-10-02T00:00:00,Lab A
0b548249-8549-4f64-94c6-ba11ebca1994,BATCH-000413,FMVSS,2022-11-11T00:00:00,FMVSS-375,True,Pass,CERT-74242,2023-11-11T00:00:00,Lab B
17917ad3-d9e7-46cf-b392-bbf036b549e8,BATCH-001293,EPA,2023-09-06T00:00:00,EPA-279,True,Pass,CERT-52814,2024-09-05T00:00:00,Lab B
2c3a7cf8-e6cd-4d17-907e-42826c8533a4,BATCH-001244,ECE,2022-11-18T00:00:00,ECE-621,True,Pass,CERT-60525,2023-11-18T00:00:00,Lab A
89d84726-7c69-4e84-9f45-ff018656d864,BATCH-003901,EPA,2022-11-02T00:00:00,EPA-487,True,Pass,CERT-37499,2023-11-02T00:00:00,Internal
240f345a-fb02-4274-954c-664286f98d56,BATCH-008524,ECE,2024-11-14T00:00:00,ECE-659,True,Pass,CERT-36899,2025-11-14T00:00:00,Lab C
295d994c-bd9c-49f7-8c87-0ac4f59fbab5,BATCH-000573,ECE,2023-10-03T00:00:00,ECE-680,True,Pass,CERT-39825,2024-10-02T00:00:00,Lab C
31f9105c-ab6d-4ad2-b563-51487dc0f58d,BATCH-003994,FMVSS,2024-01-07T00:00:00,FMVSS-108,True,Pass,CERT-74721,2025-01-06T00:00:00,Lab A
a7ec3f8a-8034-473a-aa60-5c201b99a7c0,BATCH-009026,ECE,2023-04-03T00:00:00,ECE-656,False,Fail,,,Lab A
95a650f6-aed6-4d81-80d5-879c1b9f16db,BATCH-007781,DOT,2023-10-11T00:00:00,DOT-804,True,Pass,CERT-22880,2024-10-10T00:00:00,Internal
58afc442-31e4-4443-82f6-f656c3f6bfbc,BATCH-002575,ECE,2023-12-15T00:00:00,ECE-960,True,Pass,CERT-57993,2024-12-14T00:00:00,Lab B
10be2ae8-e4b5-4734-b87a-1176c2b4210d,BATCH-005497,NHTSA,2024-07-22T00:00:00,NHTSA-343,True,Pass,CERT-11146,2025-07-22T00:00:00,Lab C
53eec9b6-44dc-4848-9e8d-953c46df441a,BATCH-007825,ECE,2024-08-09T00:00:00,ECE-120,False,Fail,,,Lab A
37f731a6-48a5-4110-b58e-61d609575d84,BATCH-003820,ECE,2024-03-11T00:00:00,ECE-166,True,Pass,CERT-67223,2025-03-11T00:00:00,Lab B
502bba61-8629-464f-819d-0bba3007d851,BATCH-008478,FMVSS,2024-05-24T00:00:00,FMVSS-666,True,Pass,CERT-90708,2025-05-24T00:00:00,Lab C
87bd69db-9229-40f8-ae7f-57e10f5bf047,BATCH-001758,DOT,2023-05-12T00:00:00,DOT-600,False,Fail,,,Internal
4f6927ae-9416-48cf-99f7-9429e6131d98,BATCH-000047,NHTSA,2022-10-17T00:00:00,NHTSA-862,True,Pass,CERT-86563,2023-10-17T00:00:00,Internal
3dc85754-8a61-4d8d-b8d8-cba19e0a5a1a,BATCH-003443,EPA,2023-07-15T00:00:00,EPA-556,True,Pass,CERT-67665,2024-07-14T00:00:00,Lab C
5e8b6117-e8fa-4bc2-9c7a-1dedf877742e,BATCH-002353,ECE,2024-04-22T00:00:00,ECE-619,True,Pass,CERT-89307,2025-04-22T00:00:00,Internal
662a7be8-b0bb-41ba-988b-6c7589c6f440,BATCH-001258,CARB,2024-07-08T00:00:00,CARB-338,True,Pass,CERT-22400,2025-07-08T00:00:00,Lab A
148d1829-dc53-4da5-913a-42b33607601d,BATCH-004524,EPA,2024-04-28T00:00:00,EPA-337,True,Pass,CERT-97671,2025-04-28T00:00:00,Lab A
e51521b4-fd6b-46ab-b18f-cf0f7244ea63,BATCH-009350,ECE,2022-12-20T00:00:00,ECE-512,True,Pass,CERT-90880,2023-12-20T00:00:00,Lab A
80531f4d-e022-4421-8332-f7d1d386d8ad,BATCH-001525,FMVSS,2023-09-05T00:00:00,FMVSS-220,True,Pass,CERT-78684,2024-09-04T00:00:00,Lab A
eb9e89ba-2ed7-423b-8d90-b443db0f00ee,BATCH-009050,NHTSA,2024-11-09T00:00:00,NHTSA-988,True,Pass,CERT-15272,2025-11-09T00:00:00,Lab B
a2979cee-83ba-491f-83e2-3a75cfde3348,BATCH-007156,EPA,2023-06-29T00:00:00,EPA-903,False,Fail,,,Lab C
6067142d-cbd1-438d-8ce4-d9a43459b168,BATCH-000812,FMVSS,2023-03-28T00:00:00,FMVSS-267,True,Pass,CERT-45804,2024-03-27T00:00:00,Lab B
1290160d-5ecc-40d3-ad8e-dc3418b92904,BATCH-005990,FMVSS,2023-08-28T00:00:00,FMVSS-268,True,Pass,CERT-42968,2024-08-27T00:00:00,Lab C
3aad7c7d-819f-4759-9961-2a8cbbb8e225,BATCH-009177,ECE,2023-08-07T00:00:00,ECE-936,False,Fail,,,Internal
8db174cf-4867-4a2f-95a1-af1050ae5330,BATCH-002516,ECE,2023-06-17T00:00:00,ECE-584,True,Pass,CERT-70235,2024-06-16T00:00:00,Internal
fd37d0ed-69b0-442a-ba98-7fc041a4447e,BATCH-001764,ECE,2024-02-09T00:00:00,ECE-456,True,Pass,CERT-66992,2025-02-08T00:00:00,Lab B
4a9dc92d-62a4-421b-bb7f-aac384d4a437,BATCH-000002,CARB,2024-11-12T00:00:00,CARB-455,True,Pass,CERT-11657,2025-11-12T00:00:00,Lab B
de711fd1-3a85-4b8d-84c1-1615744b033a,BATCH-002592,DOT,2024-02-15T00:00:00,DOT-564,True,Pass,CERT-23295,2025-02-14T00:00:00,Lab C
dac85264-417e-4018-86bb-9cdaab10fbd4,BATCH-000172,DOT,2022-11-03T00:00:00,DOT-468,True,Pass,CERT-44864,2023-11-03T00:00:00,Lab C
e85709d9-2f0a-48e6-90bf-afd54449e8f5,BATCH-001538,DOT,2023-04-16T00:00:00,DOT-775,True,Pass,CERT-57190,2024-04-15T00:00:00,Lab C
16eb2697-eb0e-45d4-a617-96ed6474eed7,BATCH-001370,NHTSA,2023-10-23T00:00:00,NHTSA-698,True,Pass,CERT-28287,2024-10-22T00:00:00,Lab C
cded835b-c9ae-4079-a0bb-8f1e8f3c1585,BATCH-007269,ECE,2024-05-11T00:00:00,ECE-793,True,Pass,CERT-77835,2025-05-11T00:00:00,Lab B
23f5ae57-83ff-4ab2-a7ee-982bb6712465,BATCH-001507,NHTSA,2024-03-11T00:00:00,NHTSA-699,True,Pass,CERT-75089,2025-03-11T00:00:00,Lab B
c3ba723f-7830-4fa2-9a19-e3332908be31,BATCH-006838,FMVSS,2024-11-12T00:00:00,FMVSS-915,True,Pass,CERT-13589,2025-11-12T00:00:00,Lab C
838ed7b2-e81c-4e4f-a0ed-35ed4e982816,BATCH-001076,DOT,2024-08-07T00:00:00,DOT-659,True,Pass,CERT-83251,2025-08-07T00:00:00,Lab B
232540e3-0546-48bd-9e58-eb8d87badd21,BATCH-005916,EPA,2022-10-27T00:00:00,EPA-482,True,Pass,CERT-28025,2023-10-27T00:00:00,Lab B
e842eac8-ba97-4b4c-a63a-6f46cd116711,BATCH-003744,DOT,2024-11-04T00:00:00,DOT-715,True,Pass,CERT-90564,2025-11-04T00:00:00,Lab A
a7c092a1-79df-4f5a-9453-af5448005d66,BATCH-000195,NHTSA,2024-09-11T00:00:00,NHTSA-193,True,Pass,CERT-52477,2025-09-11T00:00:00,Lab A
6f331c89-6174-43f0-9380-91c10ce2a7d4,BATCH-007677,DOT,2024-07-30T00:00:00,DOT-333,True,Pass,CERT-66487,2025-07-30T00:00:00,Lab A
eefd93f9-27a7-48cb-baa6-164930e30148,BATCH-007625,EPA,2024-07-10T00:00:00,EPA-276,True,Pass,CERT-35287,2025-07-10T00:00:00,Lab B
784ad523-fd1d-4168-93de-83a908e3ac6f,BATCH-003378,EPA,2024-05-17T00:00:00,EPA-765,True,Pass,CERT-20402,2025-05-17T00:00:00,Lab B
f910da60-eb44-4aa3-9ccb-f12ee281760c,BATCH-002850,NHTSA,2024-02-07T00:00:00,NHTSA-829,True,Pass,CERT-76708,2025-02-06T00:00:00,Internal
f454ab95-4e0d-42da-badb-fe83021dadce,BATCH-006609,DOT,2023-08-07T00:00:00,DOT-127,True,Pass,CERT-24230,2024-08-06T00:00:00,Lab C
572e0dd8-fe0f-4b8c-9f39-9363d21633fe,BATCH-007562,FMVSS,2024-06-15T00:00:00,FMVSS-561,True,Pass,CERT-72078,2025-06-15T00:00:00,Lab A
9acd13de-ddcf-4f1a-b29f-dd455e4f05ca,BATCH-005549,NHTSA,2024-07-17T00:00:00,NHTSA-233,True,Pass,CERT-32063,2025-07-17T00:00:00,Lab B
149f0ebc-2a62-4b8a-bd68-b440b3c07ad8,BATCH-005979,ECE,2023-11-08T00:00:00,ECE-218,True,Pass,CERT-86713,2024-11-07T00:00:00,Internal
1bdb084b-4e1c-4b11-80e2-fe1a108da59b,BATCH-001472,EPA,2023-12-02T00:00:00,EPA-551,True,Pass,CERT-48465,2024-12-01T00:00:00,Lab C
2e2250bf-5f35-4b51-8334-8ea6231eab28,BATCH-002891,DOT,2023-09-07T00:00:00,DOT-703,True,Pass,CERT-96664,2024-09-06T00:00:00,Internal
5ea8c8b5-de8a-417f-aff0-f3e750bddb0a,BATCH-005788,ECE,2023-12-08T00:00:00,ECE-663,True,Pass,CERT-74974,2024-12-07T00:00:00,Lab C
7b6d3d42-4c57-44b9-b4c2-187692f6926e,BATCH-009158,FMVSS,2024-01-01T00:00:00,FMVSS-916,True,Pass,CERT-82634,2024-12-31T00:00:00,Lab B
227b8bda-0800-4f57-a973-042cc8719df8,BATCH-007827,FMVSS,2023-01-26T00:00:00,FMVSS-789,True,Pass,CERT-78507,2024-01-26T00:00:00,Internal
fb57658f-cb42-4373-aba8-15d27a4847ee,BATCH-002371,FMVSS,2023-03-27T00:00:00,FMVSS-653,True,Pass,CERT-77299,2024-03-26T00:00:00,Lab C
02773dc5-8f3a-456a-bbb9-5a9779dc8f31,BATCH-003079,ECE,2023-10-18T00:00:00,ECE-583,False,Fail,,,Lab A
9dab80bd-7890-4273-85a8-01fc889a95b9,BATCH-003339,NHTSA,2024-08-06T00:00:00,NHTSA-299,True,Pass,CERT-29113,2025-08-06T00:00:00,Internal
5e5af74c-5cdd-482e-903a-d52ca1096408,BATCH-002462,DOT,2024-03-22T00:00:00,DOT-285,True,Pass,CERT-86651,2025-03-22T00:00:00,Lab C
c8717b3c-ed7f-415b-bf44-2e059af6f198,BATCH-000934,DOT,2024-08-14T00:00:00,DOT-591,True,Pass,CERT-85326,2025-08-14T00:00:00,Lab C
5e7c003b-1089-4880-bdba-ffbb6c1a61e7,BATCH-002773,DOT,2024-04-11T00:00:00,DOT-127,True,Pass,CERT-77862,2025-04-11T00:00:00,Lab A
c6cca609-4abd-4ae5-8f27-45ee87aa7d16,BATCH-008621,CARB,2023-10-17T00:00:00,CARB-615,True,Pass,CERT-62273,2024-10-16T00:00:00,Lab A
b3a7ad39-9754-46ed-b214-d2d596a611d3,BATCH-008246,FMVSS,2024-10-08T00:00:00,FMVSS-989,False,Fail,,,Lab A
53ad211c-1ee3-4c5b-b576-f74551669742,BATCH-006208,EPA,2024-09-23T00:00:00,EPA-917,True,Pass,CERT-69532,2025-09-23T00:00:00,Internal
2a78ed34-3bf2-4fb2-940c-6604352c1f67,BATCH-006471,DOT,2024-08-28T00:00:00,DOT-644,True,Pass,CERT-39203,2025-08-28T00:00:00,Lab C
96ce20db-b159-41df-9ea0-dd17177b3d36,BATCH-006807,CARB,2023-08-21T00:00:00,CARB-622,True,Pass,CERT-94475,2024-08-20T00:00:00,Internal
e9e8b441-16f8-4dc3-8088-ee3ec76c52d0,BATCH-008819,CARB,2024-03-30T00:00:00,CARB-975,True,Pass,CERT-61120,2025-03-30T00:00:00,Internal
676dbcb1-a4b7-42fb-b9e7-fd404413704c,BATCH-004469,EPA,2023-09-17T00:00:00,EPA-840,True,Pass,CERT-43341,2024-09-16T00:00:00,Internal
995e0168-65c9-4076-9b93-7d0c806dd5d4,BATCH-007548,EPA,2024-06-14T00:00:00,EPA-526,True,Pass,CERT-66372,2025-06-14T00:00:00,Internal
26f1f094-864b-4d76-b76a-f2518eac7002,BATCH-007503,EPA,2024-07-24T00:00:00,EPA-747,True,Pass,CERT-17619,2025-07-24T00:00:00,Lab C
0adbff4d-7ea0-48c9-a4cd-a4ff6423edeb,BATCH-002676,NHTSA,2023-03-11T00:00:00,NHTSA-474,True,Pass,CERT-85371,2024-03-10T00:00:00,Internal
d3b86844-b06d-4abb-a3a1-b3880fe8ea4e,BATCH-001771,DOT,2022-11-22T00:00:00,DOT-355,True,Pass,CERT-20199,2023-11-22T00:00:00,Lab A
8175944d-e8ac-40c9-95d2-962e128d681e,BATCH-000124,ECE,2023-06-11T00:00:00,ECE-377,True,Pass,CERT-28349,2024-06-10T00:00:00,Internal
ac007994-e1bc-429b-8778-88cd2aea99ef,BATCH-008411,FMVSS,2023-10-22T00:00:00,FMVSS-232,True,Pass,CERT-82729,2024-10-21T00:00:00,Lab C
b9b6599e-ed88-4208-b263-2fb51a932968,BATCH-007973,ECE,2024-07-03T00:00:00,ECE-804,True,Pass,CERT-44153,2025-07-03T00:00:00,Internal
e0df129b-e77d-4409-8cbc-4c7e7fb914f7,BATCH-008649,DOT,2022-09-05T00:00:00,DOT-682,True,Pass,CERT-28748,2023-09-05T00:00:00,Lab A
b9f000df-252a-4e12-ab69-5c2cc5375dd8,BATCH-008683,CARB,2023-08-02T00:00:00,CARB-640,True,Pass,CERT-53215,2024-08-01T00:00:00,Lab C
fb701b07-fa25-4dfa-9f28-7306f28ba21d,BATCH-002712,ECE,2024-06-30T00:00:00,ECE-481,True,Pass,CERT-28184,2025-06-30T00:00:00,Lab A
8be20aec-43e0-4c6e-b3f6-23768558f1ef,BATCH-001699,ECE,2024-08-29T00:00:00,ECE-911,True,Pass,CERT-72143,2025-08-29T00:00:00,Lab B
2b518600-f0a6-4c67-8c61-b6d58776f34d,BATCH-006558,ECE,2024-02-01T00:00:00,ECE-309,True,Pass,CERT-19009,2025-01-31T00:00:00,Lab B
469d258b-04ce-44fc-abc5-f0f570433659,BATCH-002114,EPA,2024-05-30T00:00:00,EPA-442,True,Pass,CERT-95446,2025-05-30T00:00:00,Internal
7f6cf51e-c7f8-475f-87a4-0ea42f0e110e,BATCH-000840,CARB,2024-08-09T00:00:00,CARB-980,True,Pass,CERT-58919,2025-08-09T00:00:00,Lab B
fbe210f5-2012-4274-8237-4aef19bdd167,BATCH-002561,FMVSS,2024-03-27T00:00:00,FMVSS-199,True,Pass,CERT-43912,2025-03-27T00:00:00,Lab A
ae1ec72c-c0b9-42c9-8282-f1944772381f,BATCH-000695,NHTSA,2024-02-21T00:00:00,NHTSA-648,True,Pass,CERT-59053,2025-02-20T00:00:00,Lab A
568ed8c0-f0b7-4f99-bc10-96e227abaa86,BATCH-002307,ECE,2023-01-08T00:00:00,ECE-138,True,Pass,CERT-58554,2024-01-08T00:00:00,Lab B
7222e9e1-f42c-499b-bb11-0d36c739f3f9,BATCH-003620,EPA,2024-05-24T00:00:00,EPA-197,True,Pass,CERT-56023,2025-05-24T00:00:00,Lab C
aba250a5-1ccf-4365-adbc-ca7c7ef96140,BATCH-008325,EPA,2023-07-04T00:00:00,EPA-650,True,Pass,CERT-59802,2024-07-03T00:00:00,Lab A
c26fe1a8-f7de-4765-a02f-9aac9814fef9,BATCH-006329,FMVSS,2023-11-10T00:00:00,FMVSS-149,True,Pass,CERT-34588,2024-11-09T00:00:00,Internal
1476f2b5-26b9-48e0-a90a-a13481a77538,BATCH-007192,DOT,2024-06-06T00:00:00,DOT-381,True,Pass,CERT-19416,2025-06-06T00:00:00,Lab C
5877ceb6-3b8f-45a7-af02-6b906ee1ed36,BATCH-009258,ECE,2023-10-31T00:00:00,ECE-975,True,Pass,CERT-15602,2024-10-30T00:00:00,Lab B
75878cab-7d08-4b40-a809-dc7528facc7b,BATCH-008676,EPA,2022-12-11T00:00:00,EPA-821,True,Pass,CERT-28118,2023-12-11T00:00:00,Internal
ebb510c3-574e-42fe-8dd3-9571e20b45c0,BATCH-007085,EPA,2024-04-19T00:00:00,EPA-401,True,Pass,CERT-77376,2025-04-19T00:00:00,Lab B
ce3468cb-111c-4223-9690-8f7dc5cbcce4,BATCH-002494,NHTSA,2024-06-12T00:00:00,NHTSA-714,True,Pass,CERT-75570,2025-06-12T00:00:00,Lab B
e968026d-20a6-4733-a3dc-b7010fd7e4a9,BATCH-003676,NHTSA,2023-10-17T00:00:00,NHTSA-401,True,Pass,CERT-12095,2024-10-16T00:00:00,Lab A
c5318786-02c1-47bf-846c-86307ba1fadd,BATCH-002181,FMVSS,2023-08-28T00:00:00,FMVSS-223,True,Pass,CERT-52019,2024-08-27T00:00:00,Lab A
6bae4c3f-218a-4aba-923b-f31f515e8f9d,BATCH-002875,NHTSA,2023-10-29T00:00:00,NHTSA-801,True,Pass,CERT-50507,2024-10-28T00:00:00,Internal
070e4c33-0a9b-4ba4-8dd4-e0e2cb0b8a9c,BATCH-000054,EPA,2023-11-27T00:00:00,EPA-510,True,Pass,CERT-24789,2024-11-26T00:00:00,Lab C
24265337-2950-4c6a-adc9-ceef2615b3e7,BATCH-000220,NHTSA,2024-01-23T00:00:00,NHTSA-113,True,Pass,CERT-48088,2025-01-22T00:00:00,Lab B
3d7b430a-8993-461f-9d3e-820a5caaaedb,BATCH-004124,CARB,2024-10-30T00:00:00,CARB-142,True,Pass,CERT-82464,2025-10-30T00:00:00,Internal
ae10afeb-bc43-495a-a75d-b41239e71c35,BATCH-003976,NHTSA,2023-11-03T00:00:00,NHTSA-372,True,Pass,CERT-97622,2024-11-02T00:00:00,Internal
01d113f6-15c5-4b41-8c2e-45b574090185,BATCH-003451,FMVSS,2023-11-07T00:00:00,FMVSS-794,True,Pass,CERT-24131,2024-11-06T00:00:00,Lab B
b1bd686c-40be-4317-8a1a-302a52ae1c8d,BATCH-006447,FMVSS,2024-01-14T00:00:00,FMVSS-421,True,Pass,CERT-33737,2025-01-13T00:00:00,Internal
fe9cab36-f120-4630-a223-6a5f084e7f19,BATCH-007812,NHTSA,2023-12-29T00:00:00,NHTSA-329,True,Pass,CERT-48098,2024-12-28T00:00:00,Lab C
8196c4cb-fc02-4d87-ab38-35408ff18bf8,BATCH-001218,NHTSA,2024-01-25T00:00:00,NHTSA-408,True,Pass,CERT-78172,2025-01-24T00:00:00,Lab C
af9a545b-0e11-4e8e-9b3f-52a9fcabe21f,BATCH-006198,ECE,2024-04-09T00:00:00,ECE-511,True,Pass,CERT-54374,2025-04-09T00:00:00,Lab C
115332a3-9419-4823-8b8e-224f4fcf2441,BATCH-005043,EPA,2023-01-10T00:00:00,EPA-551,True,Pass,CERT-70827,2024-01-10T00:00:00,Lab A
37926a0d-15b5-4415-8e3f-5bfe0040c5b1,BATCH-008529,NHTSA,2024-03-04T00:00:00,NHTSA-500,True,Pass,CERT-88434,2025-03-04T00:00:00,Lab B
90be486b-2d49-4c84-83d8-b6a54450d0be,BATCH-000655,DOT,2023-12-19T00:00:00,DOT-366,True,Pass,CERT-75589,2024-12-18T00:00:00,Lab A
dd610065-e3d3-44ef-9cf8-fbf90aea27ed,BATCH-007236,CARB,2023-11-28T00:00:00,CARB-921,True,Pass,CERT-45047,2024-11-27T00:00:00,Lab B
f5ad66d9-c3e4-40bb-8829-976be82a0d6d,BATCH-006252,FMVSS,2023-10-26T00:00:00,FMVSS-286,True,Pass,CERT-93256,2024-10-25T00:00:00,Lab A
a0e670e4-d75c-4b0a-ba83-7b8d26845d8c,BATCH-007530,FMVSS,2023-11-24T00:00:00,FMVSS-877,True,Pass,CERT-57870,2024-11-23T00:00:00,Lab B
ee837bd5-d675-414f-b81e-8413b1c15049,BATCH-008745,DOT,2024-06-07T00:00:00,DOT-131,True,Pass,CERT-13218,2025-06-07T00:00:00,Internal
b0bf2082-7ff4-41ad-bb7c-50527a033c36,BATCH-006788,FMVSS,2024-09-09T00:00:00,FMVSS-670,True,Pass,CERT-50336,2025-09-09T00:00:00,Lab C
ee044bf5-468d-44fc-b425-d892ea8e1208,BATCH-006114,ECE,2024-09-06T00:00:00,ECE-469,True,Pass,CERT-89581,2025-09-06T00:00:00,Internal
0fa1001b-9ae7-4304-a5f4-69d1b0f0405e,BATCH-008880,DOT,2023-04-30T00:00:00,DOT-826,True,Pass,CERT-56459,2024-04-29T00:00:00,Internal
118560b6-aef1-4e6a-97e1-6131051098ca,BATCH-008592,FMVSS,2023-05-03T00:00:00,FMVSS-434,True,Pass,CERT-26181,2024-05-02T00:00:00,Lab A
c4d5a4b8-4fd3-4c38-b7d6-63d05026ca76,BATCH-000822,NHTSA,2024-05-01T00:00:00,NHTSA-375,True,Pass,CERT-87717,2025-05-01T00:00:00,Internal
88366d88-a7a0-4f73-aadd-1a3c445c9886,BATCH-003522,CARB,2023-01-31T00:00:00,CARB-731,True,Pass,CERT-65286,2024-01-31T00:00:00,Lab B
5113bca0-3a22-46a6-8363-2eea3bc3ec6a,BATCH-000329,FMVSS,2022-08-30T00:00:00,FMVSS-656,True,Pass,CERT-96921,2023-08-30T00:00:00,Lab A
856fd19c-4a53-44a4-9f78-d1c18e4ccd12,BATCH-002351,FMVSS,2023-09-02T00:00:00,FMVSS-315,True,Pass,CERT-53317,2024-09-01T00:00:00,Lab C
6af07283-30ec-4233-83de-e50684dd08ce,BATCH-005252,DOT,2024-09-13T00:00:00,DOT-905,True,Pass,CERT-69854,2025-09-13T00:00:00,Lab B
e406c11c-a922-4f6a-a9e8-a9eb16be40ac,BATCH-009186,EPA,2024-07-08T00:00:00,EPA-976,True,Pass,CERT-97576,2025-07-08T00:00:00,Lab B
273a7c25-42a9-43be-a6ed-afbbd7649bc6,BATCH-000472,NHTSA,2023-11-17T00:00:00,NHTSA-325,True,Pass,CERT-64260,2024-11-16T00:00:00,Lab A
d3aaa0e9-10ed-483f-93ee-fab586c1b6ca,BATCH-000089,NHTSA,2024-03-30T00:00:00,NHTSA-942,True,Pass,CERT-38149,2025-03-30T00:00:00,Internal
1d9e0321-9d7c-481d-bb6c-89c647102289,BATCH-008907,CARB,2023-05-24T00:00:00,CARB-720,True,Pass,CERT-72960,2024-05-23T00:00:00,Internal
e1d8fc43-2fc5-422e-8f91-c8183855f924,BATCH-001928,FMVSS,2023-12-31T00:00:00,FMVSS-345,True,Pass,CERT-72297,2024-12-30T00:00:00,Lab C
6a60e671-7283-4ac7-b842-9f827a7b751f,BATCH-006129,FMVSS,2023-03-08T00:00:00,FMVSS-717,True,Pass,CERT-80701,2024-03-07T00:00:00,Lab B
4fc05f47-ca87-4e3f-88c2-4d1e5ebeebdb,BATCH-004266,NHTSA,2023-03-28T00:00:00,NHTSA-416,True,Pass,CERT-51905,2024-03-27T00:00:00,Lab B
7821dc3d-2c16-41d8-9088-4ab5392ebb86,BATCH-007544,DOT,2023-10-20T00:00:00,DOT-165,True,Pass,CERT-60277,2024-10-19T00:00:00,Lab A
6146df44-63b4-419a-9d57-df1fff65d209,BATCH-003184,FMVSS,2024-09-06T00:00:00,FMVSS-978,True,Pass,CERT-38151,2025-09-06T00:00:00,Lab B
9617abaf-7cf1-4237-8f99-d002d80ca0c0,BATCH-006915,ECE,2024-07-18T00:00:00,ECE-484,True,Pass,CERT-99353,2025-07-18T00:00:00,Lab C
53ee4108-4695-426b-973e-52158e37a708,BATCH-005869,CARB,2023-04-19T00:00:00,CARB-282,True,Pass,CERT-90420,2024-04-18T00:00:00,Lab A
028b0154-fff5-448c-9043-8c46f333c047,BATCH-008121,FMVSS,2024-03-10T00:00:00,FMVSS-610,True,Pass,CERT-88245,2025-03-10T00:00:00,Lab A
e8ab22ab-94f1-43c6-bc37-41ec28f02180,BATCH-003426,CARB,2022-11-26T00:00:00,CARB-789,False,Fail,,,Internal
9fb541a0-2993-477c-8c04-d22573114368,BATCH-000562,CARB,2024-03-19T00:00:00,CARB-661,True,Pass,CERT-59120,2025-03-19T00:00:00,Internal
9f7899ce-5641-4956-8ebc-09b90ca5a6ba,BATCH-002724,EPA,2024-04-04T00:00:00,EPA-497,True,Pass,CERT-33376,2025-04-04T00:00:00,Lab C
1a7fef41-22dc-4254-a209-49e22dc744e6,BATCH-008009,CARB,2024-12-22T00:00:00,CARB-309,True,Pass,CERT-86707,2025-12-22T00:00:00,Lab C
f476a794-31d7-44db-9433-426060946828,BATCH-005272,FMVSS,2024-08-29T00:00:00,FMVSS-356,True,Pass,CERT-74133,2025-08-29T00:00:00,Lab A
5e5e3f59-7991-4206-ab7d-2b7831a00462,BATCH-007353,DOT,2024-04-23T00:00:00,DOT-521,True,Pass,CERT-53445,2025-04-23T00:00:00,Internal
81c24b1e-985a-48ea-9de7-7f65c63a82d3,BATCH-002455,EPA,2023-10-12T00:00:00,EPA-315,True,Pass,CERT-54361,2024-10-11T00:00:00,Lab A
57492b29-d677-4906-9f06-62889b8a8604,BATCH-008655,NHTSA,2024-09-17T00:00:00,NHTSA-300,True,Pass,CERT-52240,2025-09-17T00:00:00,Lab B
891fe9ba-b327-40ab-ad8b-6a8fc3601bd7,BATCH-007961,NHTSA,2023-01-11T00:00:00,NHTSA-811,True,Pass,CERT-92356,2024-01-11T00:00:00,Internal
57ac561b-7385-4427-93dd-822bc248fcf2,BATCH-007371,ECE,2023-12-22T00:00:00,ECE-533,True,Pass,CERT-82892,2024-12-21T00:00:00,Lab C
32aa795d-9919-4cbe-8ee6-955bb192bf6d,BATCH-005600,NHTSA,2023-11-27T00:00:00,NHTSA-949,True,Pass,CERT-94106,2024-11-26T00:00:00,Internal
c028c2c2-ff80-4a96-b01d-2e29a4b6de81,BATCH-005386,DOT,2022-08-04T00:00:00,DOT-966,True,Pass,CERT-50512,2023-08-04T00:00:00,Internal
dbe0ced8-5daa-442b-ae6c-e823bca119a2,BATCH-006671,ECE,2024-05-08T00:00:00,ECE-673,True,Pass,CERT-92599,2025-05-08T00:00:00,Lab A
cd9018ab-789b-4f7c-9e78-3100e848ed42,BATCH-000202,CARB,2024-06-06T00:00:00,CARB-495,True,Pass,CERT-50972,2025-06-06T00:00:00,Lab B
be9816b8-b66a-4e44-921e-2fe6522a3bc4,BATCH-000912,CARB,2023-09-14T00:00:00,CARB-816,True,Pass,CERT-98574,2024-09-13T00:00:00,Lab A
d0ada533-942e-4136-a727-ae380da88a88,BATCH-007486,CARB,2024-02-02T00:00:00,CARB-621,True,Pass,CERT-17480,2025-02-01T00:00:00,Internal
c57d2521-6628-44dc-8fe4-0ddbbfaa99e1,BATCH-003800,FMVSS,2023-02-16T00:00:00,FMVSS-706,True,Pass,CERT-73472,2024-02-16T00:00:00,Lab A
5b9f3b33-3227-40f6-bca2-3fa312ca304a,BATCH-008900,NHTSA,2022-08-11T00:00:00,NHTSA-905,True,Pass,CERT-13572,2023-08-11T00:00:00,Lab B
ddf92cd2-74ec-4c14-9209-5e130e5b166f,BATCH-006767,FMVSS,2024-06-16T00:00:00,FMVSS-937,True,Pass,CERT-42374,2025-06-16T00:00:00,Lab A
d74c0d84-91e7-4111-b435-b96b60736717,BATCH-000662,ECE,2024-09-01T00:00:00,ECE-199,True,Pass,CERT-30580,2025-09-01T00:00:00,Lab A
267bd1a7-fa0d-4f88-ab5c-66e2939cc4e0,BATCH-005909,FMVSS,2022-12-29T00:00:00,FMVSS-523,True,Pass,CERT-87416,2023-12-29T00:00:00,Lab A
b625eb48-26bf-4558-a4fb-173491ccebd3,BATCH-002885,ECE,2024-08-06T00:00:00,ECE-546,True,Pass,CERT-13956,2025-08-06T00:00:00,Lab A
d7169e3f-103f-44ed-9abb-c7e8b4b066ae,BATCH-008463,ECE,2023-04-16T00:00:00,ECE-836,True,Pass,CERT-95243,2024-04-15T00:00:00,Lab B
3cd3dfff-3035-4df7-9008-baef51aa50d6,BATCH-005444,EPA,2024-06-23T00:00:00,EPA-956,False,Fail,,,Lab B
6e0ab765-5cda-44fe-b1b9-7b0eb1ddbdcd,BATCH-007194,ECE,2022-11-14T00:00:00,ECE-265,True,Pass,CERT-73937,2023-11-14T00:00:00,Lab A
72ad98e3-4e3e-4745-85f3-f07be28adb21,BATCH-002654,CARB,2024-02-19T00:00:00,CARB-606,True,Pass,CERT-61929,2025-02-18T00:00:00,Lab C
b690d61b-1c85-40f1-8b48-c6d0cc10b590,BATCH-006959,ECE,2024-09-01T00:00:00,ECE-165,True,Pass,CERT-90054,2025-09-01T00:00:00,Lab B
ef060047-48a4-4c4b-ab6b-b3a42b1fac00,BATCH-003819,ECE,2023-04-27T00:00:00,ECE-850,True,Pass,CERT-12073,2024-04-26T00:00:00,Lab C
ba2dcaca-c23b-4c69-ba85-c33941d3a424,BATCH-000318,ECE,2023-11-22T00:00:00,ECE-841,True,Pass,CERT-24433,2024-11-21T00:00:00,Lab C
a1f8f5fd-c16a-4c20-b0fa-5b30092d9f39,BATCH-008580,DOT,2024-02-07T00:00:00,DOT-971,True,Pass,CERT-43789,2025-02-06T00:00:00,Lab A
3bb2d586-71fe-4ceb-a731-8ddacae87fb3,BATCH-002009,CARB,2024-04-16T00:00:00,CARB-804,True,Pass,CERT-44276,2025-04-16T00:00:00,Lab A
2576f4c6-a354-4790-83f4-56769cc5f71e,BATCH-005096,EPA,2023-04-26T00:00:00,EPA-222,True,Pass,CERT-68877,2024-04-25T00:00:00,Lab A
1c5b8fc8-052d-49f4-a5fe-cd334e0711ff,BATCH-007441,DOT,2023-05-20T00:00:00,DOT-318,True,Pass,CERT-90670,2024-05-19T00:00:00,Lab C
b87c3a3f-1e78-4f09-ada9-62f3ca447279,BATCH-000012,NHTSA,2024-06-22T00:00:00,NHTSA-507,True,Pass,CERT-82334,2025-06-22T00:00:00,Lab C
acd1d4b1-4c79-49a0-8b19-e190b0905e69,BATCH-004746,EPA,2023-09-09T00:00:00,EPA-979,True,Pass,CERT-76501,2024-09-08T00:00:00,Lab C
5e41c2a0-bac1-470a-920a-6d936a8aea9d,BATCH-008986,FMVSS,2023-03-07T00:00:00,FMVSS-299,True,Pass,CERT-53064,2024-03-06T00:00:00,Internal
c7be8477-ec34-4aa8-838e-4f1610b77d76,BATCH-000956,FMVSS,2024-06-10T00:00:00,FMVSS-147,True,Pass,CERT-25266,2025-06-10T00:00:00,Lab C
498424f9-045e-4bb1-ae21-465e7dbe70a6,BATCH-006523,ECE,2023-11-05T00:00:00,ECE-782,True,Pass,CERT-92793,2024-11-04T00:00:00,Internal
f087e49f-e121-4635-91ae-ab2846882568,BATCH-004135,CARB,2024-07-06T00:00:00,CARB-336,True,Pass,CERT-33670,2025-07-06T00:00:00,Lab B
fdf0e318-d511-4bdd-bb6d-70fba8a4a955,BATCH-006894,CARB,2023-04-06T00:00:00,CARB-458,True,Pass,CERT-13527,2024-04-05T00:00:00,Lab C
1ed45bf5-2af6-4597-afd0-08d2c0be3d46,BATCH-005614,EPA,2023-01-18T00:00:00,EPA-379,True,Pass,CERT-54563,2024-01-18T00:00:00,Lab A
6429c41a-0757-49b8-99e8-e176b200e0a6,BATCH-000411,FMVSS,2024-03-06T00:00:00,FMVSS-683,True,Pass,CERT-66802,2025-03-06T00:00:00,Lab C
7dbdfc1a-2dab-452f-b430-01826f693d8c,BATCH-002325,FMVSS,2024-10-11T00:00:00,FMVSS-180,True,Pass,CERT-49803,2025-10-11T00:00:00,Lab C
fb9014fc-902c-4ed3-9391-828f42b56575,BATCH-002695,ECE,2024-02-23T00:00:00,ECE-852,True,Pass,CERT-16825,2025-02-22T00:00:00,Lab A
da5150a1-5812-4dd4-84cd-0b0efd08b8f4,BATCH-007981,FMVSS,2023-08-19T00:00:00,FMVSS-834,True,Pass,CERT-92826,2024-08-18T00:00:00,Internal
e8f221f1-81de-49fa-a00a-6d72d9ef9ec2,BATCH-000613,DOT,2023-09-29T00:00:00,DOT-497,False,Fail,,,Internal
9f4bb1d4-be1d-4391-8611-b839f28b2d9c,BATCH-006648,EPA,2023-09-19T00:00:00,EPA-666,True,Pass,CERT-22833,2024-09-18T00:00:00,Lab A
e751912a-e517-4577-94c9-a414ff48d9de,BATCH-003502,ECE,2024-08-26T00:00:00,ECE-712,True,Pass,CERT-34819,2025-08-26T00:00:00,Lab A
9826f871-a603-4112-9b93-2eeec0dafb42,BATCH-002166,EPA,2024-02-04T00:00:00,EPA-819,True,Pass,CERT-80711,2025-02-03T00:00:00,Internal
21771cfd-469d-43af-b73c-37e61a32b73c,BATCH-001480,EPA,2024-05-29T00:00:00,EPA-788,True,Pass,CERT-13608,2025-05-29T00:00:00,Lab C
c0574878-0424-4d4e-9f58-a97af6dbadc0,BATCH-004397,CARB,2024-01-31T00:00:00,CARB-640,True,Pass,CERT-88021,2025-01-30T00:00:00,Internal
daf98f4a-a0ee-4cd0-9252-fbbb805222dc,BATCH-001706,NHTSA,2024-07-12T00:00:00,NHTSA-316,True,Pass,CERT-29114,2025-07-12T00:00:00,Lab B
dd7adbeb-70a2-49a0-9e31-af7aecefe24e,BATCH-008958,ECE,2024-01-13T00:00:00,ECE-148,True,Pass,CERT-57671,2025-01-12T00:00:00,Internal
5a2e152e-5342-436a-b22e-c24cb9116f96,BATCH-007034,NHTSA,2024-09-19T00:00:00,NHTSA-220,True,Pass,CERT-48554,2025-09-19T00:00:00,Lab A
